CONC,Limite
ABRANTES,Não
AGUEDA,Sim
AGUIAR DA BEIRA,Não
ALANDROAL,Não
ALBERGARIA-A-VELHA,Sim
ALBUFEIRA,Não
ALCACER DO SAL,Sim
ALCANENA,Não
ALCOBACA,Não
ALCOCHETE,Não
ALCOUTIM,Não
ALENQUER,Sim
ALFANDEGA DA FE,Não
ALIJO,Não
ALJEZUR,Não
ALJUSTREL,Não
ALMADA,Não
ALMEIDA,Não
ALMEIRIM,Sim
ALMODOVAR,Sim
ALPIARCA,Não
ALTER DO CHAO,Não
ALVAIAZERE,Não
ALVITO,Não
AMADORA,Sim
AMARANTE,Sim
AMARES,Sim
ANADIA,Sim
ANGRA DO HEROISMO,Sim
ANSIAO,Não
ARCOS DE VALDEVEZ,Não
ARGANIL,Não
ARMAMAR,Sim
AROUCA,Não
ARRAIOLOS,Sim
ARRONCHES,Não
ARRUDA DOS VINHOS,Não
AVEIRO,Sim
AVIS,Sim
AZAMBUJA,Não
BAIAO,Não
BARCELOS,Sim
BARRANCOS,Não
BARREIRO,Não
BATALHA,Sim
BEJA,Não
BELMONTE,Sim
BENAVENTE,Sim
BOMBARRAL,Não
BORBA,Sim
BOTICAS,Não
BRAGA,Sim
BRAGANCA,Não
CABECEIRAS DE BASTO,Não
CADAVAL,Não
CALDAS DA RAINHA,Sim
CALHETA (R.A.A.),Sim
CALHETA (R.A.M.),Sim
CAMARA DE LOBOS,Não
CAMINHA,Não
CAMPO MAIOR,Não
CANTANHEDE,Não
CARRAZEDA DE ANSIAES,Não
CARREGAL DO SAL,Não
CARTAXO,Não
CASCAIS,Sim
CASTANHEIRA DE PERA,Não
CASTELO BRANCO,Não
CASTELO DE PAIVA,Sim
CASTELO DE VIDE,Sim
CASTRO DAIRE,Não
CASTRO MARIM,Não
CASTRO VERDE,Não
CELORICO DA BEIRA,Não
CELORICO DE BASTO,Não
CHAMUSCA,Sim
CHAVES,Não
CINFAES,Sim
COIMBRA,Sim
CONDEIXA-A-NOVA,Sim
CONSTANCIA,Não
CORUCHE,Sim
CORVO,Sim
COVILHA,Sim
CRATO,Não
CUBA,Sim
ELVAS,Não
ENTRONCAMENTO,Não
ESPINHO,Sim
ESPOSENDE,Não
ESTARREJA,Sim
ESTREMOZ,Não
EVORA,Sim
FAFE,Não
FARO,Sim
FEIRA,Não
FELGUEIRAS,Não
FERREIRA DO ALENTEJO,Não
FERREIRA DO ZEZERE,Não
FIGUEIRA DA FOZ,Não
FIGUEIRA DE CASTELO RODRIGO,Não
FIGUEIRO DOS VINHOS,Sim
FORNOS DE ALGODRES,Sim
FREIXO DE ESPADA A CINTA,Não
FRONTEIRA,Não
FUNCHAL,Não
FUNDAO,Sim
GAVIAO,Sim
GOIS,Não
GOLEGA,Não
GONDOMAR,Não
GOUVEIA,Sim
GRANDOLA,Sim
GUARDA,Não
GUIMARAES,Sim
HORTA,Não
IDANHA-A-NOVA,Sim
ILHAVO,Sim
LAGOA,Não
LAGOA (R.A.A),Não
LAGOS,Não
LAJES DAS FLORES,Não
LAJES DO PICO,Não
LAMEGO,Não
LEIRIA,Não
LISBOA,Sim
LOULE,Sim
LOURES,Sim
LOURINHA,Sim
LOUSA,Sim
LOUSADA,Sim
MACAO,Não
MACEDO DE CAVALEIROS,Não
MACHICO,Sim
MADALENA,Não
MAFRA,Não
MAIA,Não
MANGUALDE,Não
MANTEIGAS,Não
MARCO DE CANAVESES,Não
MARINHA GRANDE,Não
MARVAO,Não
MATOSINHOS,Sim
MEALHADA,Sim
MEDA,Não
MELGACO,Sim
MERTOLA,Não
MESAO FRIO,Não
MIRA,Sim
MIRANDA DO CORVO,Sim
MIRANDA DO DOURO,Não
MIRANDELA,Não
MOGADOURO,Não
MOIMENTA DA BEIRA,Não
MOITA,Sim
MONCAO,Não
MONCHIQUE,Não
MONDIM DE BASTO,Não
MONFORTE,Sim
MONTALEGRE,Não
MONTEMOR-O-NOVO,Não
MONTEMOR-O-VELHO,Sim
MONTIJO,Não
MORA,Não
MORTAGUA,Não
MOURA,Não
MOURAO,Não
MURCA,Não
MURTOSA,Sim
NAZARE,Não
NELAS,Não
NISA,Sim
NORDESTE,Não
OBIDOS,Não
ODEMIRA,Não
ODIVELAS,Não
OEIRAS,Sim
OLEIROS,Não
OLHAO,Sim
OLIVEIRA DE AZEMEIS,Não
OLIVEIRA DE FRADES,Não
OLIVEIRA DO BAIRRO,Não
OLIVEIRA DO HOSPITAL,Não
OUREM,Sim
OURIQUE,Não
OVAR,Não
PACOS DE FERREIRA,Sim
PALMELA,Sim
PAMPILHOSA DA SERRA,Não
PAREDES,Não
PAREDES DE COURA,Sim
PEDROGAO GRANDE,Não
PENACOVA,Não
PENAFIEL,Sim
PENALVA DO CASTELO,Sim
PENAMACOR,Sim
PENEDONO,Não
PENELA,Não
PENICHE,Não
PESO DA REGUA,Não
PINHEL,Não
POMBAL,Sim
PONTA DELGADA,Não
PONTA DO SOL,Não
PONTE DA BARCA,Não
PONTE DE LIMA,Não
PONTE DE SOR,Sim
PORTALEGRE,Não
PORTEL,Sim
PORTIMAO,Sim
PORTO,Não
PORTO DE MOS,Não
PORTO MONIZ,Sim
PORTO SANTO,Não
POVOA DE LANHOSO,Não
POVOA DE VARZIM,Sim
POVOACAO,Não
PROENCA-A-NOVA,Não
REDONDO,Não
REGUENGOS DE MONSARAZ,Não
RESENDE,Sim
RIBEIRA BRAVA,Sim
RIBEIRA DE PENA,Não
RIBEIRA GRANDE,Sim
RIO MAIOR,Sim
SABROSA,Não
SABUGAL,Não
SALVATERRA DE MAGOS,Sim
SANTA COMBA DAO,Sim
SANTA CRUZ,Não
SANTA CRUZ DA GRACIOSA,Não
SANTA CRUZ DAS FLORES,Sim
SANTA MARTA DE PENAGUIAO,Sim
SANTANA,Não
SANTAREM,Não
SANTIAGO DO CACEM,Sim
SANTO TIRSO,Não
SAO BRAS DE ALPORTEL,Sim
SAO JOAO DA MADEIRA,Não
SAO JOAO DA PESQUEIRA,Não
SAO PEDRO DO SUL,Sim
SAO ROQUE DO PICO,Não
SAO VICENTE,Sim
SARDOAL,Sim
SATAO,Não
SEIA,Não
SEIXAL,Sim
SERNANCELHE,Não
SERPA,Não
SERTA,Não
SESIMBRA,Sim
SETUBAL,Não
SEVER DO VOUGA,Não
SILVES,Sim
SINES,Sim
SINTRA,Sim
SOBRAL DE MONTE AGRACO,Sim
SOURE,Sim
SOUSEL,Não
TABUA,Não
TABUACO,Sim
TAROUCA,Sim
TAVIRA,Não
TERRAS DE BOURO,Não
TOMAR,Não
TONDELA,Não
TORRE DE MONCORVO,Não
TORRES NOVAS,Sim
TORRES VEDRAS,Não
TRANCOSO,Sim
TROFA,Não
VAGOS,Não
VALE DE CAMBRA,Sim
VALENCA,Não
VALONGO,Sim
VALPACOS,Não
VELAS,Sim
VENDAS NOVAS,Não
VIANA DO ALENTEJO,Não
VIANA DO CASTELO,Não
VIDIGUEIRA,Não
VIEIRA DO MINHO,Não
VILA DA PRAIA DA VITORIA,Não
VILA DE REI,Não
VILA DO BISPO,Não
VILA DO CONDE,Não
VILA DO PORTO,Não
VILA FLOR,Não
VILA FRANCA DE XIRA,Não
VILA FRANCA DO CAMPO,Não
VILA NOVA DA BARQUINHA,Sim
VILA NOVA DE CERVEIRA,Não
VILA NOVA DE FAMALICAO,Não
VILA NOVA DE FOZ COA,Não
VILA NOVA DE GAIA,Sim
VILA NOVA DE PAIVA,Não
VILA NOVA DE POIARES,Sim
VILA POUCA DE AGUIAR,Não
VILA REAL,Não
VILA REAL DE SANTO ANTONIO,Não
VILA VELHA DE RODAO,Sim
VILA VERDE,Não
VILA VICOSA,Não
VIMIOSO,Não
VINHAIS,Não
VISEU,Não
VIZELA,Não
VOUZELA,Não
