Concelho;Taxa_imigrantes_2011;Taxa_imigrantes_2021
ABRANTES;1.33;1.66
AGUIAR DA BEIRA;1.17;1.19
ALANDROAL;1.47;2.01
ALBERGARIA-A-VELHA;2.13;3.01
ALBUFEIRA;17.53;20.03
ALCANENA;2.80;3.41
ALCOBACA;2.65;4.72
ALCOCHETE;4.46;6.07
ALCOUTIM;1.85;5.23
ALCACER DO SAL;2.45;3.17
ALENQUER;6.40;7.06
ALFANDEGA DA FE;1.31;2.24
ALIJO;0.85;0.89
ALJEZUR;21.63;25.66
ALJUSTREL;1.09;2.85
ALMADA;6.55;8.42
ALMEIDA;2.00;2.09
ALMEIRIM;3.02;3.89
ALMODOVAR;1.70;2.86
ALPIARCA;2.58;3.35
ALTER DO CHAO;3.31;3.02
ALVAIAZERE;2.28;5.87
ALVITO;3.95;2.94
AMADORA;10.78;11.20
AMARANTE;0.87;1.08
AMARES;1.02;2.32
ANADIA;2.48;2.94
ANGRA DO HEROISMO;1.49;1.32
ANSIAO;1.79;3.38
ARCOS DE VALDEVEZ;1.33;2.08
ARGANIL;2.95;5.11
ARMAMAR;0.71;1.37
AROUCA;0.72;1.23
ARRAIOLOS;1.56;1.95
ARRONCHES;2.21;2.12
ARRUDA DOS VINHOS;5.15;5.20
AVEIRO;3.38;5.65
AVIS;3.70;2.23
AZAMBUJA;5.37;6.03
BAIAO;0.31;0.90
BARCELOS;0.80;1.89
BARRANCOS;1.69;1.04
BARREIRO;4.36;7.94
BATALHA;3.42;4.34
BEJA;2.69;4.51
BELMONTE;1.05;1.47
BENAVENTE;7.08;6.92
BOMBARRAL;3.43;5.20
BORBA;1.81;1.66
BOTICAS;0.66;1.44
BRAGA;2.64;5.83
BRAGANCA;1.64;4.62
CABECEIRAS DE BASTO;0.77;1.26
CADAVAL;2.33;4.02
CALDAS DA RAINHA;4.12;7.21
CALHETA;3.08;5.83
CAMINHA;2.37;3.39
CAMPO MAIOR;3.13;2.46
CANTANHEDE;1.56;2.49
CARRAZEDA DE ANSIAES;2.18;2.02
CARREGAL DO SAL;1.55;2.37
CARTAXO;3.48;4.29
CASCAIS;9.04;10.97
CASTANHEIRA DE PERA;1.94;3.33
CASTELO BRANCO;1.83;3.37
CASTELO DE PAIVA;0.35;0.84
CASTELO DE VIDE;2.70;3.40
CASTRO DAIRE;1.02;1.19
CASTRO MARIM;6.97;8.88
CASTRO VERDE;2.03;2.18
CELORICO DA BEIRA;0.90;1.40
CELORICO DE BASTO;0.59;1.07
CHAMUSCA;0.95;1.88
CHAVES;1.70;1.68
CINFAES;0.41;0.74
COIMBRA;2.37;3.89
CONDEIXA-A-NOVA;1.83;2.59
CONSTANCIA;0.94;1.50
CORUCHE;1.75;2.21
CORVO;9.07;2.86
COVILHA;1.14;2.45
CRATO;1.83;1.58
CUBA;3.67;4.48
CAMARA DE LOBOS;1.00;1.59
ELVAS;3.26;2.28
ENTRONCAMENTO;2.45;5.73
ESPINHO;1.43;2.46
ESPOSENDE;1.26;2.41
ESTARREJA;1.20;2.68
ESTREMOZ;1.89;2.25
FAFE;0.76;1.27
FARO;8.21;9.79
FELGUEIRAS;0.73;0.87
FERREIRA DO ALENTEJO;3.45;9.58
FERREIRA DO ZEZERE;2.45;4.19
FIGUEIRA DA FOZ;2.28;4.19
FIGUEIRA DE CASTELO RODRIGO;1.58;1.59
FIGUEIRO DOS VINHOS;1.38;4.83
FORNOS DE ALGODRES;0.70;1.39
FREIXO DE ESPADA A CINTA;2.41;2.05
FRONTEIRA;2.20;1.50
FUNCHAL;2.48;2.94
FUNDAO;1.61;3.26
GAVIAO;0.63;1.18
GOLEGA;1.08;2.09
GONDOMAR;0.96;1.86
GOUVEIA;1.29;1.67
GRANDOLA;4.88;5.82
GUARDA;1.34;2.38
GUIMARAES;0.98;1.58
GOIS;2.37;5.20
HORTA;2.77;3.17
IDANHA-A-NOVA;1.98;5.46
LAGOA;11.23;14.76
LAGOS;16.83;23.03
LAJES DAS FLORES;4.85;5.26
LAJES DO PICO;2.63;2.67
LAMEGO;0.57;0.70
LEIRIA;3.47;5.10
LISBOA;6.28;10.14
LOULE;14.63;15.93
LOURES;8.74;8.52
LOURINHA;4.11;5.40
LOUSADA;0.55;1.04
LOUSA;2.89;2.76
MACEDO DE CAVALEIROS;1.20;2.62
MACHICO;1.09;1.56
MADALENA;2.99;2.56
MAFRA;5.19;6.68
MAIA;1.67;2.69
MANGUALDE;2.04;2.11
MANTEIGAS;0.64;1.27
MARCO DE CANAVESES;0.73;0.86
MARINHA GRANDE;2.99;5.91
MARVAO;3.64;4.87
MATOSINHOS;1.85;3.04
MACAO;1.14;2.94
MEALHADA;1.83;2.38
MELGACO;2.67;2.34
MESAO FRIO;0.72;0.45
MIRA;1.68;2.65
MIRANDA DO CORVO;1.74;2.81
MIRANDA DO DOURO;1.64;2.09
MIRANDELA;1.87;2.28
MOGADOURO;1.23;1.39
MOIMENTA DA BEIRA;1.62;1.48
MOITA;4.97;7.59
MONCHIQUE;8.64;13.13
MONDIM DE BASTO;0.49;1.22
MONFORTE;1.23;1.04
MONTALEGRE;1.03;1.33
MONTEMOR-O-NOVO;2.19;2.89
MONTEMOR-O-VELHO;1.04;1.62
MONTIJO;6.41;10.02
MONCAO;2.75;4.33
MORA;1.27;1.72
MORTAGUA;2.30;3.83
MOURA;1.63;1.41
MOURAO;1.28;1.11
MURTOSA;1.12;2.56
MURCA;0.60;1.07
MERTOLA;1.70;2.14
MEDA;1.19;1.62
NAZARE;3.08;5.48
NELAS;1.27;1.89
NISA;1.33;1.66
NORDESTE;0.89;1.99
ODEMIRA;9.22;28.16
ODIVELAS;8.91;9.65
OEIRAS;5.92;6.86
OLEIROS;1.15;2.96
OLHAO;6.40;8.93
OLIVEIRA DE AZEMEIS;1.10;1.95
OLIVEIRA DE FRADES;1.93;4.02
OLIVEIRA DO BAIRRO;2.94;4.57
OLIVEIRA DO HOSPITAL;1.97;3.35
OURIQUE;3.90;5.19
OUREM;3.49;5.26
OVAR;1.29;2.12
PALMELA;3.51;5.47
PAMPILHOSA DA SERRA;0.67;3.11
PAREDES;0.54;1.43
PAREDES DE COURA;1.44;2.19
PACOS DE FERREIRA;0.74;0.91
PEDROGAO GRANDE;3.91;9.44
PENACOVA;0.88;1.63
PENAFIEL;0.55;0.84
PENALVA DO CASTELO;0.67;1.13
PENAMACOR;0.86;4.84
PENEDONO;0.64;1.42
PENELA;2.56;6.03
PENICHE;2.89;4.11
PESO DA REGUA;0.73;0.74
PINHEL;0.99;1.29
POMBAL;2.48;3.44
PONTA DELGADA;1.00;1.12
PONTA DO SOL;2.16;4.39
PONTE DA BARCA;1.43;1.93
PONTE DE LIMA;0.93;1.51
PONTE DE SOR;1.77;1.95
PORTALEGRE;2.00;1.85
PORTEL;1.29;2.89
PORTIMAO;11.58;14.06
PORTO;2.94;6.25
PORTO MONIZ;0.63;2.74
PORTO SANTO;4.60;4.62
PORTO DE MOS;2.86;3.86
POVOACAO;0.62;1.74
PROENCA-A-NOVA;1.21;2.75
POVOA DE LANHOSO;1.06;1.93
POVOA DE VARZIM;1.71;3.52
REDONDO;2.19;2.55
REGUENGOS DE MONSARAZ;2.51;2.24
RESENDE;0.50;0.77
RIBEIRA BRAVA;1.59;3.41
RIBEIRA GRANDE;0.71;0.82
RIBEIRA DE PENA;0.58;0.97
RIO MAIOR;3.47;7.07
SABROSA;1.02;1.06
SABUGAL;1.22;1.72
SALVATERRA DE MAGOS;2.22;2.80
SANTA COMBA DAO;1.49;2.70
SANTA CRUZ;2.41;2.58
SANTA CRUZ DA GRACIOSA;1.84;1.05
SANTA CRUZ DAS FLORES;4.15;1.88
SANTA MARIA DA FEIRA;1.21;2.01
SANTA MARTA DE PENAGUIAO;1.64;1.02
SANTANA;1.20;2.04
SANTAREM;3.31;4.62
SANTIAGO DO CACEM;3.80;4.36
SANTO TIRSO;0.87;1.54
SARDOAL;1.19;3.07
SEIA;1.15;1.65
SEIXAL;6.73;7.48
SERNANCELHE;0.81;1.41
SERPA;1.91;3.42
SERTA;1.45;3.47
SESIMBRA;4.50;4.98
SETUBAL;5.60;6.92
SEVER DO VOUGA;1.51;2.46
SILVES;11.29;13.49
SINES;6.26;6.25
SINTRA;9.26;9.91
SOBRAL DE MONTE AGRACO;4.48;4.69
SOURE;1.22;1.94
SOUSEL;1.64;2.22
SATAO;1.11;1.28
SAO BRAS DE ALPORTEL;10.15;11.94
SAO JOAO DA MADEIRA;2.31;4.81
SAO JOAO DA PESQUEIRA;1.66;0.92
SAO PEDRO DO SUL;1.09;2.07
SAO ROQUE DO PICO;3.60;2.92
SAO VICENTE;1.54;2.94
TABUACO;0.91;1.15
TAROUCA;0.84;0.81
TAVIRA;9.44;17.13
TERRAS DE BOURO;0.74;1.51
TOMAR;1.95;2.78
TONDELA;0.90;1.98
TORRE DE MONCORVO;0.86;1.42
TORRES NOVAS;1.49;2.04
TORRES VEDRAS;4.06;6.01
TRANCOSO;1.34;1.62
TROFA;1.66;2.38
TABUA;3.52;4.82
VAGOS;2.19;2.94
VALE DE CAMBRA;1.39;2.52
VALENCA;3.70;6.96
VALONGO;1.10;2.00
VALPACOS;1.32;1.24
VELAS;1.83;2.01
VENDAS NOVAS;1.97;3.01
VIANA DO ALENTEJO;2.12;2.31
VIANA DO CASTELO;1.28;2.90
VIDIGUEIRA;3.62;2.88
VIEIRA DO MINHO;1.12;1.57
VILA FLOR;2.34;3.21
VILA FRANCA DE XIRA;5.66;6.36
VILA FRANCA DO CAMPO;0.92;0.71
VILA NOVA DA BARQUINHA;1.02;1.58
VILA NOVA DE CERVEIRA;3.00;6.40
VILA NOVA DE FAMALICAO;1.14;1.82
VILA NOVA DE FOZ COA;2.28;2.54
VILA NOVA DE GAIA;1.68;3.39
VILA NOVA DE PAIVA;1.24;1.80
VILA NOVA DE POIARES;3.06;3.65
VILA POUCA DE AGUIAR;1.06;1.27
VILA REAL;1.22;1.49
VILA REAL DE SANTO ANTONIO;6.76;9.11
VILA VELHA DE RODAO;1.39;4.60
VILA VERDE;1.05;1.94
VILA VICOSA;1.21;1.81
VILA DA PRAIA DA VITORIA;1.04;1.06
VILA DE REI;1.16;2.84
VILA DO BISPO;15.16;25.85
VILA DO CONDE;1.59;2.90
VILA DO PORTO;1.64;2.39
VIMIOSO;1.11;2.19
VINHAIS;0.76;0.99
VISEU;2.02;3.08
VIZELA;0.68;0.99
VOUZELA;0.86;1.66
AGUEDA;2.28;3.51
EVORA;2.64;3.19
ILHAVO;2.56;3.66
OBIDOS;2.74;6.77
