Concelho;HM-1:Solteiro-T:Total;HM-2:Casado-T:Total;HM-3:Viúvo-T:Total;HM-4:Divorciado-T:Total
ARCOS DE VALDEVEZ;7133;9850;2501;1234
CAMINHA;6046;7033;1430;1288
MELGACO;2489;3673;1145;466
MONCAO;6427;8353;1987;1049
PAREDES DE COURA;3250;4117;843;422
PONTE DA BARCA;4163;5148;1084;649
PONTE DE LIMA;16241;19757;3243;1923
VALENCA;5582;5822;1220;999
VIANA DO CASTELO;34140;38895;6514;6229
VILA NOVA DE CERVEIRA;3548;3946;834;593
AMARES;7590;8846;1272;887
BARCELOS;47600;55639;7315;6198
BRAGA;86958;82967;9981;13418
ESPOSENDE;14579;16139;2243;2171
TERRAS DE BOURO;2365;3011;653;329
VILA VERDE;18905;21969;3297;2273
CABECEIRAS DE BASTO;6368;7178;1305;707
FAFE;18922;22951;3625;2999
GUIMARAES;64253;73554;9427;9596
MONDIM DE BASTO;2460;2992;606;352
POVOA DE LANHOSO;8533;10532;1531;1179
VIEIRA DO MINHO;4397;5776;1170;612
VILA NOVA DE FAMALICAO;53745;62825;8455;8509
VIZELA;9893;11383;1249;1371
AROUCA;8346;10172;1571;1057
ESPINHO;12269;13304;2672;2798
GONDOMAR;69052;71100;11016;13089
MAIA;57756;57511;8102;11608
MATOSINHOS;73222;71298;11916;16121
OLIVEIRA DE AZEMEIS;24901;31736;4717;4821
PAREDES;35749;38633;4714;5258
PORTO;110040;79675;18674;23411
POVOA DE VARZIM;26684;28527;4324;4720
SANTA MARIA DA FEIRA;54989;63182;8630;9873
SANTO TIRSO;25461;32782;5005;4461
SAO JOAO DA MADEIRA;9239;9249;1475;2180
TROFA;15313;18048;2465;2722
VALE DE CAMBRA;7525;10631;1717;1396
VALONGO;40576;40335;5814;7947
VILA DO CONDE;32971;36141;5665;6048
VILA NOVA DE GAIA;130907;126376;19589;26952
BOTICAS;1788;2413;622;177
CHAVES;13402;17551;3816;2821
MONTALEGRE;3187;4386;1267;421
RIBEIRA DE PENA;2181;2807;599;297
VALPACOS;4688;7234;2003;776
VILA POUCA DE AGUIAR;3979;5824;1333;676
AMARANTE;20251;24939;3806;3120
BAIAO;6197;8831;1513;993
CASTELO DE PAIVA;6016;7689;1118;763
CELORICO DE BASTO;6913;8348;1516;866
CINFAES;6513;8719;1584;914
FELGUEIRAS;22055;27259;3301;3233
LOUSADA;19280;22755;2662;2667
MARCO DE CANAVESES;19920;23633;3195;2793
PACOS DE FERREIRA;23401;25916;3068;3210
PENAFIEL;27980;33280;4374;3995
RESENDE;3829;4798;927;497
ALIJO;3722;4970;1183;611
ARMAMAR;2017;2726;656;279
CARRAZEDA DE ANSIAES;1862;2586;729;313
FREIXO DE ESPADA A CINTA;1089;1480;441;206
LAMEGO;8979;11681;2197;1455
MESAO FRIO;1246;1747;365;189
MOIMENTA DA BEIRA;3384;4663;926;437
MURCA;1702;2686;604;253
PENEDONO;974;1268;344;152
PESO DA REGUA;5524;6735;1323;958
SABROSA;1986;2635;587;340
SANTA MARTA DE PENAGUIAO;2038;3064;690;308
SAO JOAO DA PESQUEIRA;2506;3224;692;353
SERNANCELHE;1907;2887;624;274
TABUACO;1671;2531;572;260
TAROUCA;2782;3393;668;520
TORRE DE MONCORVO;2238;3274;919;395
VILA NOVA DE FOZ COA;2076;3029;830;369
VILA REAL;20191;22207;3737;3436
ALFANDEGA DA FE;1425;2157;525;217
BRAGANCA;14625;14729;2949;2279
MACEDO DE CAVALEIROS;5059;6843;1527;822
MIRANDA DO DOURO;2206;3202;813;242
MIRANDELA;7867;9959;2156;1402
MOGADOURO;2595;4230;1032;444
VILA FLOR;2025;3025;674;326
VIMIOSO;1298;2082;588;181
VINHAIS;2470;3892;1014;392
ALCOBACA;22356;23395;4613;4601
ALENQUER;19867;17770;3119;3686
ARRUDA DOS VINHOS;6298;5559;965;1170
BOMBARRAL;5221;5298;1117;1110
CADAVAL;5139;5912;1350;971
CALDAS DA RAINHA;21738;19914;4073;5185
LOURINHA;11011;10780;2075;2374
NAZARE;6076;6232;1218;1355
OBIDOS;4806;5116;997;1003
PENICHE;11229;10940;2210;2050
SOBRAL DE MONTE AGRACO;4692;4113;812;923
TORRES VEDRAS;35932;34050;6142;6948
AGUEDA;17949;21094;3488;3588
ALBERGARIA-A-VELHA;10107;10980;1803;1950
ANADIA;10296;12480;2502;2254
AVEIRO;36095;32109;5277;7473
ESTARREJA;10476;11725;2150;1862
ILHAVO;16784;16096;2725;3630
MURTOSA;4194;4758;898;626
OLIVEIRA DO BAIRRO;9427;9952;1737;2016
OVAR;22965;23846;3783;4359
SEVER DO VOUGA;3938;5337;1064;724
VAGOS;9335;10005;1778;1768
ARGANIL;3852;5194;1225;794
CANTANHEDE;12491;15995;3295;2431
COIMBRA;59870;57713;10205;13028
CONDEIXA-A-NOVA;6775;7476;1167;1314
FIGUEIRA DA FOZ;22634;25503;5385;5429
GOIS;1220;1776;520;295
LOUSA;6985;7266;1224;1531
MEALHADA;7371;8749;1674;1554
MIRA;4518;5501;1094;1000
MIRANDA DO CORVO;4484;5560;1091;867
MONTEMOR-O-VELHO;8884;11828;2217;1642
MORTAGUA;3140;4419;959;445
OLIVEIRA DO HOSPITAL;7097;9272;1860;1184
PAMPILHOSA DA SERRA;1092;2065;669;256
PENACOVA;4286;6696;1404;727
PENELA;1934;2491;612;403
SOURE;5640;8494;2006;1121
TABUA;4168;5061;1102;829
VILA NOVA DE POIARES;2682;2890;622;609
ALVAIAZERE;2072;2946;827;393
ANSIAO;4219;5449;1335;639
BATALHA;6432;6992;1013;1120
CASTANHEIRA DE PERA;851;1203;379;212
FIGUEIRO DOS VINHOS;1774;2435;676;396
LEIRIA;55460;54171;8521;10451
MARINHA GRANDE;16619;15761;2611;4033
PEDROGAO GRANDE;1125;1490;472;303
POMBAL;19319;23672;4881;3298
PORTO DE MOS;9645;9879;1931;1747
AGUIAR DA BEIRA;1574;2825;656;176
CARREGAL DO SAL;3214;4366;892;566
CASTRO DAIRE;4634;6992;1441;669
MANGUALDE;6386;9121;1656;1140
NELAS;4658;6323;1302;836
OLIVEIRA DE FRADES;3740;4362;808;596
PENALVA DO CASTELO;2391;3793;832;317
SANTA COMBA DAO;3709;5088;1123;721
SAO PEDRO DO SUL;5387;7295;1558;897
SATAO;3887;5583;1055;505
TONDELA;9285;12467;2668;1490
VILA NOVA DE PAIVA;1591;2326;531;214
VISEU;40346;45090;7109;7006
VOUZELA;3445;4657;980;498
CASTELO BRANCO;20048;23334;4735;4155
IDANHA-A-NOVA;2667;3852;1271;565
OLEIROS;1368;2512;768;256
PENAMACOR;1443;2332;705;288
PROENCA-A-NOVA;2421;3468;954;324
VILA VELHA DE RODAO;1008;1577;498;202
ABRANTES;12742;15033;3739;2815
ALCANENA;4919;5291;1158;1104
CONSTANCIA;1484;1675;344;295
ENTRONCAMENTO;8693;8091;1377;1980
FERREIRA DO ZEZERE;2769;3596;913;522
MACAO;2088;2968;956;390
OUREM;18304;19318;4000;2916
SARDOAL;1302;1534;428;249
SERTA;5393;6954;1593;829
TOMAR;13770;15604;3868;3171
TORRES NOVAS;13563;14525;3113;2910
VILA DE REI;1178;1425;491;185
VILA NOVA DA BARQUINHA;2767;3014;676;559
ALMEIDA;1820;2826;942;299
BELMONTE;2217;2923;680;385
CELORICO DA BEIRA;2094;3273;790;426
COVILHA;17893;20555;4514;3493
FIGUEIRA DE CASTELO RODRIGO;1717;2429;723;279
FORNOS DE ALGODRES;1435;2177;568;223
FUNDAO;9349;12391;2918;1845
GOUVEIA;3950;5956;1541;775
GUARDA;15758;18489;3328;2542
MANTEIGAS;921;1458;366;164
MEDA;1443;2345;625;217
PINHEL;2421;4289;1045;337
SABUGAL;3590;5374;1781;535
SEIA;7245;10705;2476;1329
TRANCOSO;2668;4275;1028;442
ALCOCHETE;9037;7192;1073;1841
ALMADA;84830;61634;13257;17517
AMADORA;88624;56155;11732;14943
BARREIRO;36259;28360;6325;7401
CASCAIS;100692;77533;13738;22161
LISBOA;281570;173337;40761;50128
LOURES;98427;72605;13945;16613
MAFRA;40785;33108;5011;7611
MOITA;32354;22941;4894;6066
MONTIJO;27345;19531;3603;5203
ODIVELAS;72532;54449;9278;11775
OEIRAS;82840;60060;11341;17417
PALMELA;31846;25396;4984;6626
SEIXAL;79478;61805;10108;15116
SESIMBRA;24180;20154;3330;4720
SETUBAL;57427;44869;8933;12267
SINTRA;197314;132137;21629;34526
VILA FRANCA DE XIRA;65407;52254;8028;11840
ALCACER DO SAL;4472;4592;1190;858
GRANDOLA;6514;4799;1251;1258
ODEMIRA;14152;11350;2222;1814
SANTIAGO DO CACEM;12091;10746;2573;2362
SINES;6705;5103;1081;1309
ALJUSTREL;3773;3640;935;526
ALMODOVAR;2789;2814;768;341
ALVITO;969;897;264;150
BARRANCOS;608;603;147;80
BEJA;15432;12377;2845;2740
CASTRO VERDE;2977;2754;721;421
CUBA;1836;1845;428;264
FERREIRA DO ALENTEJO;3370;2895;861;558
MERTOLA;2418;2651;757;380
MOURA;5759;5205;1385;909
OURIQUE;2067;1838;600;334
SERPA;5683;5710;1416;948
VIDIGUEIRA;2259;2005;562;349
ALMEIRIM;9100;8864;1947;2101
ALPIARCA;2594;2952;779;650
AZAMBUJA;9411;8459;1763;1788
BENAVENTE;13422;11474;2105;2708
CARTAXO;9624;9195;1998;2369
CHAMUSCA;3107;3777;958;688
CORUCHE;5989;8071;2064;1231
GOLEGA;2116;2254;540;490
RIO MAIOR;8882;8566;1737;1819
SALVATERRA DE MAGOS;8755;8991;2079;1782
SANTAREM;24479;23277;5248;5658
ALTER DO CHAO;1124;1270;411;239
ARRONCHES;1079;1159;350;201
AVIS;1607;1501;413;291
CAMPO MAIOR;3590;3176;693;583
CASTELO DE VIDE;1065;1380;392;279
CRATO;1037;1455;503;230
ELVAS;9254;7918;1858;1700
FRONTEIRA;1028;1356;313;161
GAVIAO;980;1633;564;217
MARVAO;1085;1342;397;197
MONFORTE;1338;1184;330;140
NISA;1921;2791;888;352
PONTE DE SOR;6044;6442;1651;1111
PORTALEGRE;8861;9548;2027;1904
SOUSEL;1646;1868;558;288
ALANDROAL;1884;2210;593;327
ARRAIOLOS;2632;2878;644;452
BORBA;2530;2946;594;358
ESTREMOZ;5045;5418;1314;903
EVORA;24477;20422;4130;4548
MONTEMOR-O-NOVO;6348;6702;1661;1088
MORA;1430;1885;542;278
MOURAO;1034;944;231;142
PORTEL;2321;2495;599;332
REDONDO;2618;2662;610;396
REGUENGOS DE MONSARAZ;4059;4153;970;689
VENDAS NOVAS;4472;4832;1116;825
VIANA DO ALENTEJO;2216;2119;566;417
VILA VICOSA;2951;3204;705;527
ANGRA DO HEROISMO;14802;13250;2548;3171
CALHETA;1491;1364;310;272
CORVO;191;136;25;32
HORTA;6272;5640;1068;1351
LAGOA;6448;5924;845;972
LAJES DAS FLORES;643;509;105;151
LAJES DO PICO;1711;1892;417;320
MADALENA;2705;2564;501;549
NORDESTE;1833;1866;376;293
PONTA DELGADA;30803;26463;4115;5848
POVOACAO;2484;2449;442;416
RIBEIRA GRANDE;14842;12997;1654;1895
SANTA CRUZ DA GRACIOSA;1760;1659;387;284
SANTA CRUZ DAS FLORES;951;697;152;220
SAO ROQUE DO PICO;1364;1260;271;325
VELAS;2136;1943;421;436
VILA DA PRAIA DA VITORIA;7961;8525;1439;1538
VILA DO PORTO;2501;2031;431;443
VILA FRANCA DO CAMPO;4677;4421;628;597
CALHETA;4577;4353;1248;737
CAMARA DE LOBOS;15602;12422;2261;1877
FUNCHAL;48167;39397;8498;9720
MACHICO;8170;8564;1637;1222
PONTA DO SOL;3748;3261;747;604
PORTO MONIZ;1085;933;339;160
PORTO SANTO;2290;1981;389;489
RIBEIRA BRAVA;5842;4918;1121;799
SANTA CRUZ;20362;15753;2460;3593
SANTANA;2643;2740;830;340
SAO VICENTE;1986;2012;571;296
