Concelho;A;ADN;B.E.;CDS-PP;CH;E;EMBRANCO;IL;JPP;L;MAS;MPT;NC;NULOS;PAN;PCP-PEV;PCTP/MRPP;PPD/PSD;PPD/PSD.CDS-PP;PPD/PSD.CDS-PP.PPM;PPM;PS;PTP;R.I.R.;VP
ABRANTES;;;5.41;1.32;10.82;0.12;1.27;2.15;;0.79;0.15;0.1;;1.15;0.96;4.85;;21.07;;;;48.95;0.09;0.63;0.15
AGUEDA;;0.15;3.94;2.82;7.27;0.1;1.57;3.61;0.04;0.49;0.1;0.1;;0.89;0.85;1.4;0.37;37.3;;;;38.55;;0.36;0.09
AGUIAR DA BEIRA;;;2.01;3.2;6.28;0.22;1.28;1.54;;0.26;0.15;0.27;;0.89;0.72;0.41;;44.58;;;;37.56;0.08;0.34;0.19
ALANDROAL;;;2.46;0.57;9.96;0.1;1.06;1.3;;0.27;0.0;0.09;;0.67;0.52;14.62;;12.8;;;;54.86;0.05;0.36;0.32
ALBERGARIA-A-VELHA;;0.21;3.67;6.41;7.39;0.03;1.34;3.24;0.03;0.65;0.08;0.15;;0.92;1.08;1.52;0.32;32.82;;;;39.49;;0.57;0.06
ALBUFEIRA;;0.7;5.11;1.14;15.14;0.14;1.29;5.38;;0.85;0.13;0.18;;1.18;2.46;3.43;;25.29;;;;36.87;0.15;0.46;0.09
ALCACER DO SAL;;0.13;3.21;1.37;5.9;0.01;0.84;1.49;0.08;0.48;0.02;0.1;0.12;1.44;0.67;22.63;1.12;9.07;;;;50.92;0.07;0.29;0.04
ALCANENA;;;3.71;1.84;8.67;0.12;1.78;4.14;;0.85;0.1;0.24;;0.92;0.84;4.28;;30.98;;;;40.46;0.13;0.74;0.2
ALCOBACA;;0.26;3.84;2.24;8.35;0.09;1.51;4.72;;0.89;0.08;0.09;0.33;1.41;1.14;2.91;;35.04;;;;36.42;0.04;0.54;0.09
ALCOCHETE;;0.36;4.67;1.58;10.12;0.03;1.2;6.84;0.09;1.37;0.05;0.08;0.05;0.64;1.79;8.24;0.43;21.09;;;;40.98;0.03;0.29;0.08
ALCOUTIM;;0.52;1.91;0.92;6.28;0.1;1.58;1.22;;0.28;0.05;0.04;;1.64;0.3;4.84;;33.44;;;;46.49;0.09;0.28;0.05
ALENQUER;0.06;0.13;4.32;1.68;9.55;0.02;1.04;3.47;0.16;1.03;0.08;0.08;0.07;0.77;1.27;7.01;0.94;20.87;;;;46.86;0.06;0.47;0.06
ALFANDEGA DA FE;;;2.19;2.2;6.85;0.15;0.73;1.01;;0.12;0.04;0.1;;0.92;0.54;1.2;;36.3;;;;47.46;;0.18;
ALIJO;;;1.69;2.08;6.95;0.07;0.98;1.81;;0.58;0.29;0.07;0.15;1.48;0.74;1.82;;37.18;;;;43.49;;0.57;0.04
ALJEZUR;;0.56;5.38;1.28;8.16;0.09;1.69;3.32;;0.84;0.41;0.28;;1.46;2.36;7.9;;21.33;;;;44.27;0.2;0.46;0.0
ALJUSTREL;;;3.47;0.56;8.22;0.04;0.57;1.0;;0.4;0.12;0.05;;0.84;0.42;27.25;0.92;7.11;;;;48.64;0.07;0.1;0.21
ALMADA;;0.32;5.87;1.14;7.6;0.08;0.9;5.71;0.05;1.76;0.08;0.13;0.06;0.8;2.29;8.83;0.43;17.46;;;;46.0;0.07;0.3;0.14
ALMEIDA;;;3.01;3.06;9.56;0.31;1.26;1.81;;0.5;0.08;0.04;;1.51;0.2;1.97;;32.31;;;;43.5;0.11;0.62;0.15
ALMEIRIM;;;3.7;1.12;12.41;0.1;1.05;2.9;;0.71;0.2;0.12;;1.1;0.62;6.21;;17.9;;;;51.19;0.03;0.56;0.07
ALMODOVAR;;;4.12;0.12;8.0;0.16;0.95;1.14;;0.64;0.02;0.34;;1.66;0.68;5.29;0.34;20.24;;;;55.5;0.04;0.44;0.32
ALPIARCA;;;4.28;0.71;7.98;0.03;1.18;3.4;;0.63;0.08;0.05;;0.74;0.79;20.01;;13.87;;;;45.97;0.03;0.16;0.08
ALTER DO CHAO;;;3.0;1.31;8.55;0.35;0.45;0.85;;0.41;0.0;0.15;;0.5;0.39;11.68;0.99;20.86;;;;50.38;0.0;0.14;0.0
ALVAIAZERE;;0.04;2.09;2.19;11.25;0.02;0.7;2.02;;0.54;0.02;0.04;0.12;1.41;0.53;0.82;;51.69;;;;26.13;0.08;0.31;0.0
ALVITO;;;3.56;0.26;12.99;0.1;1.52;2.39;;0.82;0.2;0.0;;1.08;0.9;14.19;0.9;16.6;;;;43.96;0.0;0.16;0.38
AMADORA;0.07;0.26;5.02;1.28;7.58;0.06;0.9;5.9;0.07;2.07;0.16;0.14;0.07;0.92;2.01;5.75;0.5;19.73;;;;47.09;0.06;0.24;0.12
AMARANTE;0.05;0.09;2.7;1.8;3.85;0.11;0.96;2.26;0.06;0.64;0.06;0.08;0.13;1.09;0.68;1.51;;34.31;;;;48.71;0.05;0.83;0.05
AMARES;0.02;;2.3;3.09;7.78;0.06;1.68;3.47;0.1;0.4;0.08;0.1;;0.7;0.97;1.35;;37.71;;;;39.58;0.14;0.41;0.07
ANADIA;;0.15;3.6;2.62;6.62;0.04;1.72;4.3;0.07;0.65;0.08;0.14;;0.93;1.06;1.21;0.43;42.62;;;;33.19;;0.49;0.1
ANGRA DO HEROISMO;;0.38;3.72;;4.82;0.02;2.38;3.74;;0.75;0.06;0.14;;0.87;0.86;1.11;0.31;;;36.35;;44.25;;0.17;0.06
ANSIAO;;0.19;2.4;1.72;7.03;0.12;1.22;2.42;;0.68;0.05;0.08;0.02;1.22;0.62;1.52;;42.32;;;;37.86;0.13;0.39;0.02
ARCOS DE VALDEVEZ;0.11;;1.71;2.37;4.22;0.1;1.21;1.81;;0.37;0.1;0.24;;0.92;0.59;1.27;;42.96;;;;41.45;;0.37;0.19
ARGANIL;0.41;;2.55;1.1;5.27;0.04;1.54;1.94;;0.52;0.08;0.09;;1.45;0.77;1.72;0.32;31.43;;;;50.34;;0.34;0.08
ARMAMAR;;0.07;1.82;4.18;7.41;0.17;0.59;2.54;;0.52;0.11;0.18;0.03;1.55;0.7;2.32;;42.14;;;;34.83;0.08;0.5;0.27
AROUCA;;0.1;2.3;2.93;4.22;0.1;1.32;2.19;0.02;0.38;0.08;0.05;;1.07;0.49;0.87;0.4;44.83;;;;37.63;;0.89;0.12
ARRAIOLOS;;;2.58;0.59;8.26;0.08;1.4;2.27;;0.54;0.04;0.11;;1.36;0.7;23.98;;14.73;;;;42.88;0.0;0.39;0.09
ARRONCHES;;;1.75;1.69;12.84;0.0;1.29;2.5;;0.67;0.1;0.1;;0.6;0.67;5.83;0.6;29.88;;;;41.3;0.03;0.14;0.0
ARRUDA DOS VINHOS;0.07;0.2;3.76;1.19;9.24;0.09;0.87;5.82;0.03;1.44;0.2;0.13;0.08;1.05;1.48;4.03;0.3;25.16;;;;44.25;0.06;0.55;0.01
AVEIRO;;0.16;5.61;2.46;7.09;0.08;1.41;5.35;0.06;1.08;0.12;0.1;;0.93;1.57;1.93;0.34;33.81;;;;37.42;;0.35;0.12
AVIS;;;1.62;0.49;8.76;0.0;1.4;0.92;;0.22;0.03;0.03;;0.83;0.19;32.78;1.5;13.06;;;;38.02;0.0;0.12;0.04
AZAMBUJA;0.07;0.19;5.39;1.13;10.16;0.12;1.14;3.72;0.08;1.68;0.21;0.11;0.03;0.99;1.0;7.94;0.84;19.02;;;;45.62;0.06;0.43;0.06
BAIAO;0.02;0.04;1.8;1.29;4.11;0.16;0.39;1.23;0.03;0.23;0.03;0.05;0.19;1.19;0.51;1.04;;30.97;;;;56.15;0.06;0.47;0.03
BARCELOS;0.04;;2.92;1.94;6.34;0.1;1.28;3.34;0.11;0.6;0.12;0.09;;0.84;0.87;1.3;;43.57;;;;35.98;0.11;0.38;0.07
BARRANCOS;;;2.13;1.28;11.66;0.0;1.71;1.28;;0.71;0.0;0.0;;1.0;0.28;20.63;0.43;16.64;;;;42.11;0.0;0.0;0.14
BARREIRO;;0.26;5.1;0.79;8.04;0.07;0.89;4.07;0.04;1.37;0.12;0.1;0.06;0.79;1.85;13.71;0.62;12.87;;;;48.81;0.02;0.32;0.12
BATALHA;;0.26;3.11;3.42;8.22;0.1;1.52;5.82;;0.78;0.08;0.14;0.21;1.13;1.35;1.02;;42.76;;;;29.41;0.08;0.47;0.12
BEJA;;;3.8;0.94;10.39;0.07;1.01;1.46;;0.67;0.06;0.1;;0.88;0.8;23.3;0.71;11.16;;;;44.29;0.08;0.19;0.08
BELMONTE;;0.39;3.99;1.15;7.18;0.14;1.44;2.3;;0.6;0.04;0.04;0.15;1.99;1.01;3.76;0.5;21.45;;;;53.48;0.04;0.33;
BENAVENTE;;;4.0;1.68;14.78;0.1;1.18;4.4;;1.01;0.18;0.19;;0.66;1.12;8.44;;22.7;;;;38.8;0.1;0.48;0.15
BOMBARRAL;;0.28;3.42;3.55;8.33;0.04;1.32;4.26;;0.7;0.1;0.06;0.09;0.8;0.78;4.26;;30.77;;;;40.74;0.08;0.42;0.01
BORBA;;;3.33;0.88;10.24;0.13;0.88;1.61;;0.34;0.12;0.0;;0.86;0.55;10.47;;15.15;;;;54.79;0.03;0.46;0.18
BOTICAS;;;0.81;0.78;4.2;0.11;0.88;0.54;;0.28;0.56;0.12;0.19;1.44;0.22;3.16;;57.46;;;;28.86;;0.34;0.04
BRAGA;0.07;;4.04;1.78;5.78;0.11;1.5;4.81;0.13;0.85;0.09;0.11;;0.92;1.45;3.24;;32.19;;;;42.33;0.12;0.39;0.07
BRAGANCA;;;1.29;1.45;7.94;0.07;1.13;1.24;;0.19;0.09;0.07;;0.98;0.36;1.11;;44.39;;;;39.46;;0.23;
CABECEIRAS DE BASTO;0.05;;2.17;1.32;4.32;0.06;0.52;1.5;0.23;0.52;0.09;0.11;;0.94;0.46;1.21;;36.52;;;;49.26;0.19;0.43;0.08
CADAVAL;0.0;0.26;3.78;1.45;8.32;0.07;1.44;3.71;0.05;1.1;0.07;0.08;0.04;1.18;1.06;3.07;0.44;30.56;;;;42.88;0.04;0.35;0.05
CALDAS DA RAINHA;;0.36;4.29;2.43;8.53;0.07;1.49;4.66;;1.07;0.17;0.08;0.14;1.27;1.29;2.36;;36.79;;;;34.33;0.04;0.54;0.08
CALHETA;;0.57;2.31;;5.14;0.2;1.4;2.32;2.12;0.35;0.14;0.16;;1.68;0.9;1.09;0.08;;58.83;43.51;0.18;28.37;0.85;0.4;0.13
CAMARA DE LOBOS;;0.41;2.86;;5.88;0.31;0.78;2.03;2.69;0.87;0.35;0.8;;2.53;1.6;2.31;;;46.7;;0.31;27.65;1.07;0.86;
CAMINHA;0.31;;3.78;1.47;5.94;0.08;1.03;3.06;;0.8;0.2;0.09;;1.01;1.17;2.56;;32.06;;;;45.7;;0.68;0.07
CAMPO MAIOR;;;2.83;0.55;12.42;0.0;0.88;1.49;;0.53;0.15;0.06;;0.8;0.38;13.13;0.93;13.39;;;;52.25;0.02;0.21;0.0
CANTANHEDE;0.11;;3.48;1.77;8.12;0.03;1.71;2.92;;0.7;0.04;0.07;;1.35;0.85;1.34;0.3;39.06;;;;37.66;;0.34;0.14
CARRAZEDA DE ANSIAES;;;2.78;2.27;8.09;0.19;0.94;1.62;;0.31;0.12;0.31;;1.87;0.64;1.22;;43.06;;;;35.96;;0.63;
CARREGAL DO SAL;;0.08;3.69;2.05;8.68;0.01;1.32;1.9;;0.43;0.11;0.08;0.16;1.12;0.87;1.22;;34.53;;;;43.21;0.16;0.21;0.19
CARTAXO;;;4.59;1.14;10.92;0.1;1.01;3.55;;0.88;0.08;0.19;;0.95;1.49;6.4;;19.91;;;;48.03;0.08;0.57;0.08
CASCAIS;0.06;0.34;4.13;2.07;8.2;0.08;0.95;10.4;0.06;2.27;0.11;0.14;0.07;0.65;2.16;3.36;0.33;29.71;;;;34.55;0.04;0.22;0.11
CASTANHEIRA DE PERA;;0.0;3.11;1.36;3.69;0.0;1.42;3.3;;0.32;0.06;0.19;0.06;1.29;0.84;1.42;;26.6;;;;55.73;0.06;0.45;0.06
CASTELO BRANCO;;0.2;3.82;1.53;9.25;0.09;1.03;1.78;;0.62;0.06;0.34;0.14;1.41;0.83;2.32;0.29;23.17;;;;52.9;0.03;0.19;
CASTELO DE PAIVA;;0.18;2.43;1.04;3.17;0.01;0.94;2.36;0.03;0.49;0.02;0.08;;1.12;0.77;1.14;0.37;37.27;;;;46.57;;1.92;0.13
CASTELO DE VIDE;;;3.0;0.95;7.33;0.0;1.31;1.1;;0.31;0.06;0.1;;1.4;0.68;3.82;0.5;29.79;;;;49.31;0.13;0.18;0.03
CASTRO DAIRE;;0.05;1.33;2.69;9.09;0.05;1.22;1.2;;0.29;0.07;0.1;0.05;1.27;0.4;0.85;;42.02;;;;38.68;0.13;0.37;0.12
CASTRO MARIM;;0.26;3.56;0.52;13.72;0.05;1.43;2.43;;0.57;0.17;0.04;;1.27;0.78;3.72;;26.48;;;;44.4;0.17;0.42;0.04
CASTRO VERDE;;;3.94;0.51;6.31;0.01;1.16;1.36;;0.42;0.15;0.18;;0.69;0.87;24.63;0.93;11.43;;;;47.06;0.02;0.33;0.0
CELORICO DA BEIRA;;;2.37;2.24;8.51;0.22;0.97;1.42;;0.35;0.16;0.0;;1.21;0.6;1.06;;37.58;;;;42.58;0.2;0.31;0.21
CELORICO DE BASTO;0.04;;1.86;1.98;4.95;0.15;0.76;2.17;0.13;0.43;0.06;0.12;;0.89;1.1;1.37;;41.5;;;;41.7;0.05;0.63;0.11
CHAMUSCA;;;3.1;1.59;11.18;0.17;0.72;1.85;;0.47;0.24;0.13;;0.87;0.57;10.49;;18.0;;;;49.97;0.1;0.36;0.2
CHAVES;;;1.65;1.88;8.58;0.09;0.91;1.01;;0.39;0.14;0.06;0.14;1.14;0.54;1.47;;39.55;;;;42.01;;0.39;0.05
CINFAES;;0.1;1.69;1.6;5.28;0.14;0.7;1.2;;0.38;0.06;0.03;0.03;1.07;0.56;1.12;;31.4;;;;53.33;0.11;1.07;0.14
COIMBRA;0.18;;5.41;1.27;5.89;0.06;1.35;3.72;;1.01;0.16;0.12;;0.9;1.17;4.98;0.28;23.06;;;;50.03;;0.27;0.12
CONDEIXA-A-NOVA;0.24;;5.0;0.7;8.68;0.07;1.82;3.02;;0.95;0.09;0.09;;0.94;1.45;3.44;0.19;23.73;;;;49.2;;0.29;0.1
CONSTANCIA;;;3.56;2.22;14.78;0.19;1.36;3.28;;1.03;0.17;0.25;;0.88;1.49;9.89;;16.24;;;;44.43;0.09;0.16;0.0
CORUCHE;;;2.26;1.38;10.08;0.14;0.86;1.8;;0.39;0.24;0.03;;0.7;0.58;11.83;;19.77;;;;49.33;0.08;0.36;0.16
CORVO;;0.43;2.59;;3.88;0.0;0.43;0.43;;0.86;0.0;0.0;;0.0;0.43;5.17;0.0;;;30.6;;54.74;;0.43;0.0
COVILHA;;0.16;4.54;1.85;5.99;0.04;0.93;2.08;;0.6;0.06;0.14;0.11;1.29;0.96;3.76;0.4;19.56;;;;57.17;0.04;0.33;
CRATO;;;2.73;0.8;8.51;0.02;0.7;1.59;;0.5;0.06;0.02;;0.48;0.38;6.8;0.34;24.5;;;;52.53;0.0;0.0;0.04
CUBA;;;2.21;0.64;9.09;0.02;1.85;0.62;;0.29;0.0;0.1;;0.85;0.52;28.81;1.01;10.0;;;;43.65;0.02;0.22;0.11
ELVAS;;;2.74;1.79;20.15;0.1;1.2;2.18;;0.36;0.08;0.06;;1.04;0.67;4.06;0.49;16.21;;;;48.63;0.01;0.21;0.02
ENTRONCAMENTO;;;6.19;1.51;12.93;0.18;1.21;4.9;;1.1;0.17;0.19;;0.64;1.34;4.7;;22.87;;;;41.6;0.05;0.34;0.07
ESPINHO;;0.19;4.43;1.6;3.96;0.03;1.02;4.1;0.08;0.75;0.09;0.14;;0.9;1.34;3.52;0.56;30.34;;;;46.46;;0.36;0.14
ESPOSENDE;0.02;;3.29;3.38;6.63;0.14;1.45;4.05;0.09;0.78;0.11;0.12;;0.99;1.05;1.93;;43.95;;;;31.34;0.18;0.38;0.13
ESTARREJA;;0.12;3.85;2.33;6.53;0.06;1.46;3.25;0.08;0.7;0.11;0.11;;1.1;1.03;2.63;0.53;34.72;;;;40.77;;0.5;0.12
ESTREMOZ;;;3.31;0.89;10.53;0.01;0.97;1.61;;0.32;0.01;0.09;;0.65;0.61;10.13;;20.26;;;;50.15;0.02;0.29;0.16
EVORA;;;3.07;1.19;8.34;0.09;1.07;2.53;;0.5;0.18;0.1;;0.56;1.09;15.54;;18.87;;;;46.3;0.05;0.44;0.08
FAFE;0.04;;2.66;1.26;6.29;0.16;1.07;2.37;0.12;0.43;0.11;0.07;;0.9;0.87;2.3;;31.21;;;;49.32;0.19;0.56;0.08
FARO;;0.62;5.86;0.95;10.94;0.07;1.27;4.66;;1.23;0.12;0.25;;0.77;2.1;5.7;;24.95;;;;40.01;0.09;0.34;0.07
FELGUEIRAS;0.06;0.09;2.75;1.43;4.86;0.15;0.98;2.64;0.04;0.6;0.08;0.08;0.12;0.97;0.85;1.67;;32.35;;;;49.34;0.06;0.79;0.09
FERREIRA DO ALENTEJO;;;4.04;0.52;8.95;0.2;1.08;1.02;;0.44;0.01;0.24;;0.84;0.71;15.51;0.74;11.11;;;;54.04;0.01;0.41;0.14
FERREIRA DO ZEZERE;;;2.4;2.02;8.66;0.22;1.24;2.85;;0.59;0.23;0.12;;1.46;1.29;1.54;;33.58;;;;42.77;0.13;0.68;0.23
FIGUEIRA DA FOZ;0.27;;4.91;1.12;7.85;0.07;1.64;2.84;;0.81;0.1;0.16;;1.45;1.12;3.38;0.39;25.62;;;;47.62;;0.54;0.1
FIGUEIRA DE CASTELO RODRIGO;;;1.84;2.48;8.75;0.08;0.65;0.92;;0.43;0.01;0.0;;1.17;0.48;0.92;;38.49;;;;42.96;0.03;0.75;0.04
FIGUEIRO DOS VINHOS;;0.32;2.35;1.5;7.48;0.01;0.66;2.2;;0.65;0.08;0.5;0.08;1.7;0.95;1.62;;37.92;;;;41.59;0.0;0.37;0.01
FORNOS DE ALGODRES;;;1.67;3.35;6.74;0.11;1.09;1.02;;0.18;0.02;0.01;;1.12;0.84;1.18;;36.4;;;;45.41;0.12;0.61;0.13
FREIXO DE ESPADA A CINTA;;;3.23;0.51;6.8;0.0;0.72;0.75;;0.19;0.0;0.02;;0.88;0.26;2.56;;29.48;;;;53.84;;0.76;
FRONTEIRA;;;2.14;0.64;11.02;0.0;1.56;2.18;;0.32;0.0;0.72;;0.93;0.07;9.16;0.51;27.81;;;;42.94;0.0;0.0;0.0
FUNCHAL;;0.4;3.55;;5.87;0.13;0.58;4.49;3.62;0.82;0.19;0.36;;1.72;1.84;2.6;;;40.4;;0.13;32.42;0.44;0.41;
FUNDAO;;0.15;4.19;1.73;8.83;0.02;1.62;1.81;;0.64;0.15;0.09;0.11;1.66;0.7;2.56;0.36;25.52;;;;49.43;0.1;0.32;
GAVIAO;;;3.68;0.58;7.48;0.03;0.95;0.57;;0.29;0.12;0.36;;0.77;0.91;9.18;0.94;14.39;;;;59.34;0.0;0.28;0.12
GOIS;0.24;;3.48;1.52;3.03;0.0;1.33;1.26;;0.7;0.04;0.0;;1.99;0.87;1.41;0.14;35.43;;;;48.03;;0.44;0.1
GOLEGA;;;4.21;1.93;9.16;0.04;0.88;1.89;;0.75;0.04;0.09;;0.5;0.5;11.17;;19.04;;;;49.43;0.13;0.16;0.07
GONDOMAR;0.03;0.17;5.72;1.18;5.08;0.1;1.07;4.07;0.06;0.93;0.15;0.06;0.07;0.89;1.79;4.32;;27.84;;;;45.4;0.05;0.91;0.09
GOUVEIA;;;3.04;1.74;7.59;0.03;1.49;1.41;;0.74;0.13;0.03;;1.78;0.66;1.87;;32.67;;;;46.27;0.01;0.28;0.25
GRANDOLA;;0.25;5.46;1.14;7.55;0.04;0.85;3.1;0.0;1.0;0.08;0.04;0.17;0.59;0.94;13.86;1.56;14.15;;;;48.4;0.08;0.51;0.2
GUARDA;;;3.31;2.0;8.2;0.22;1.12;1.38;;0.36;0.09;0.09;;1.49;0.48;1.54;;27.92;;;;51.07;0.12;0.49;0.12
GUIMARAES;0.05;;3.77;1.35;5.59;0.13;1.25;4.35;0.09;0.65;0.1;0.09;;0.61;0.98;3.3;;30.53;;;;46.68;0.08;0.34;0.07
HORTA;;0.73;3.43;;3.85;0.1;3.66;2.16;;0.61;0.06;0.25;;0.51;1.24;3.42;0.28;;;42.4;;37.07;;0.22;0.02
IDANHA-A-NOVA;;0.2;3.37;1.43;9.17;0.01;1.23;1.21;;0.6;0.15;0.49;0.13;2.16;0.9;2.64;0.76;23.01;;;;52.12;0.02;0.41;
ILHAVO;;0.48;5.5;2.24;8.55;0.04;2.01;5.26;0.02;1.03;0.09;0.25;;0.92;1.85;1.51;0.38;33.23;;;;35.81;;0.5;0.32
LAGOA;;0.44;4.21;1.04;12.04;0.07;1.84;4.39;;0.79;0.22;0.13;;1.05;1.6;2.16;0.71;22.98;;24.08;;46.08;0.22;0.25;0.17
LAGOS;;0.93;6.1;1.08;10.61;0.15;1.96;4.06;;1.1;0.13;0.14;;0.75;2.38;5.78;;20.76;;;;43.42;0.14;0.38;0.14
LAJES DAS FLORES;;0.28;4.23;;4.89;0.45;6.33;2.66;;0.43;0.28;0.15;;1.16;0.5;1.74;2.87;;;27.96;;45.77;;0.28;0.0
LAJES DO PICO;;0.56;2.04;;3.33;0.02;4.26;1.38;;0.3;0.13;0.21;;1.21;0.41;1.58;0.1;;;36.92;;47.14;;0.42;0.0
LAMEGO;;0.02;2.14;2.2;7.86;0.11;0.47;1.31;;0.5;0.05;0.2;0.1;1.35;0.69;2.2;;34.12;;;;45.98;0.03;0.53;0.16
LEIRIA;;0.3;3.77;2.59;7.45;0.09;1.92;5.51;;0.95;0.12;0.22;0.14;1.26;1.23;1.57;;41.72;;;;30.42;0.07;0.57;0.06
LISBOA;0.06;0.24;4.84;2.3;5.61;0.06;0.74;10.28;0.1;3.85;0.12;0.11;0.06;0.6;1.83;5.02;0.37;26.17;;;;37.27;0.06;0.16;0.14
LOULE;;0.6;4.37;0.82;10.91;0.1;1.31;3.94;;0.82;0.17;0.18;;1.26;1.73;3.44;;27.44;;;;42.22;0.09;0.49;0.12
LOURES;0.04;0.23;4.0;1.07;8.56;0.06;1.02;5.47;0.1;1.57;0.13;0.11;0.04;0.89;1.79;7.76;0.53;20.23;;;;46.02;0.04;0.26;0.07
LOURINHA;0.04;0.41;3.81;2.07;12.48;0.11;1.57;3.66;0.08;1.02;0.07;0.13;0.04;1.53;1.38;2.57;0.35;33.38;;;;34.59;0.03;0.56;0.11
LOUSA;0.06;;4.63;1.2;5.99;0.69;1.78;2.88;;0.86;0.1;0.42;;1.13;1.13;2.08;0.25;24.0;;;;50.44;;0.29;2.09
LOUSADA;0.05;0.07;2.79;1.12;4.69;0.11;0.92;2.68;0.01;0.62;0.08;0.05;0.12;1.06;0.87;1.64;;32.41;;;;48.96;0.06;1.63;0.07
MACAO;;;3.18;1.83;8.44;0.21;0.96;1.43;;0.82;0.22;0.09;;1.32;0.65;2.73;;37.12;;;;40.58;0.06;0.27;0.09
MACEDO DE CAVALEIROS;;;1.7;3.12;7.68;0.11;1.06;1.19;;0.24;0.18;0.13;;1.47;0.32;0.9;;38.35;;;;43.23;;0.33;
MACHICO;;0.3;2.99;;5.0;0.21;0.38;2.13;5.97;0.37;0.18;0.3;;1.98;1.2;1.0;;;30.98;;0.23;46.03;0.48;0.26;
MADALENA;;0.64;1.73;;4.19;0.0;4.49;2.61;;0.7;0.06;0.17;;0.83;0.77;0.75;0.52;;;39.63;;42.57;;0.29;0.03
MAFRA;0.13;0.42;4.35;1.29;8.71;0.08;1.48;7.14;0.09;1.85;0.11;0.18;0.07;1.03;2.1;3.28;0.34;28.46;;;;38.42;0.02;0.33;0.09
MAIA;0.04;0.15;4.77;1.17;4.14;0.12;1.14;6.1;0.05;1.11;0.07;0.07;0.07;0.8;2.06;3.03;;34.97;;;;39.49;0.05;0.49;0.1
MANGUALDE;;0.06;2.36;1.82;8.76;0.08;1.46;1.46;;0.42;0.07;0.3;0.06;1.48;0.62;1.15;;33.0;;;;46.28;0.0;0.5;0.11
MANTEIGAS;;;4.35;1.5;7.9;0.04;0.41;1.53;;0.11;0.0;0.08;;0.62;0.42;3.12;;29.14;;;;49.89;0.0;0.59;0.3
MARCO DE CANAVESES;0.03;0.15;2.57;1.85;3.79;0.14;0.78;2.47;0.07;0.53;0.06;0.08;0.14;0.94;0.89;1.71;;33.0;;;;49.4;0.02;1.3;0.07
MARINHA GRANDE;;0.58;6.38;0.93;7.45;0.07;1.59;4.6;;1.19;0.09;0.17;0.19;1.17;1.66;9.54;;16.9;;;;46.87;0.13;0.47;0.06
MARVAO;;;2.58;1.17;7.64;0.31;1.15;2.08;;0.43;0.17;0.26;;1.35;1.06;2.5;0.48;26.72;;;;51.28;0.0;0.72;0.13
MATOSINHOS;0.04;0.18;5.58;1.19;4.18;0.08;1.01;6.0;0.03;1.34;0.08;0.06;0.07;0.8;1.93;3.66;;29.94;;;;43.27;0.04;0.44;0.08
MEALHADA;;0.2;5.53;1.05;6.28;0.07;1.81;3.34;0.1;0.64;0.14;0.13;;0.79;1.28;3.38;0.4;24.99;;;;49.32;;0.36;0.2
MEDA;;;2.21;4.73;5.92;0.55;0.87;0.76;;0.38;0.0;0.21;;1.48;0.29;1.21;;41.92;;;;38.61;0.22;0.78;0.18
MELGACO;0.11;;2.02;1.91;4.13;0.08;1.33;1.38;;0.48;0.07;0.15;;1.01;0.64;1.04;;32.22;;;;52.82;;0.42;0.17
MERTOLA;;;2.39;0.53;6.65;0.12;1.8;1.17;;0.77;0.14;0.09;;0.79;0.52;24.16;0.66;12.96;;;;47.0;0.05;0.17;0.02
MESAO FRIO;;;2.26;1.67;4.86;0.02;0.38;1.65;;0.22;0.52;0.04;0.39;1.55;0.99;1.6;;28.45;;;;54.14;;0.84;0.41
MIRA;0.25;;2.83;1.72;7.36;0.08;1.55;3.55;;0.59;0.06;0.15;;1.56;0.9;0.78;0.16;43.44;;;;34.54;;0.36;0.11
MIRANDA DO CORVO;0.2;;3.32;1.12;4.45;0.04;1.46;1.99;;0.43;0.19;0.08;;1.14;0.66;2.33;0.13;25.65;;;;56.38;;0.36;0.06
MIRANDA DO DOURO;;;1.5;2.15;6.3;0.05;1.02;0.67;;0.17;0.07;0.16;;2.11;0.42;0.56;;47.71;;;;36.78;;0.34;
MIRANDELA;;;1.6;3.58;10.99;0.15;0.74;0.79;;0.24;0.12;0.11;;1.31;0.45;1.81;;40.39;;;;37.09;;0.63;
MOGADOURO;;;1.51;2.42;8.27;0.23;0.82;0.81;;0.32;0.05;0.18;;1.44;0.59;0.5;;51.05;;;;31.47;;0.34;
MOIMENTA DA BEIRA;;0.08;1.45;3.03;8.4;0.24;1.09;0.98;;0.42;0.03;0.08;0.12;1.49;0.71;1.17;;35.38;;;;44.65;0.01;0.34;0.32
MOITA;;0.35;6.2;1.03;9.59;0.08;1.04;3.24;0.06;0.97;0.08;0.12;0.07;0.72;1.72;14.79;0.86;9.97;;;;48.57;0.04;0.34;0.12
MONCAO;0.15;;2.15;2.25;6.48;0.06;1.3;3.09;;0.31;0.1;0.14;;0.88;0.53;0.88;;41.66;;;;39.55;;0.46;0.03
MONCHIQUE;;0.21;4.01;1.33;4.8;0.16;1.87;2.2;;0.44;0.11;0.16;;1.78;0.91;4.11;;28.89;;;;48.26;0.13;0.63;0.02
MONDIM DE BASTO;;;1.68;3.52;5.99;0.03;0.23;1.8;;0.22;0.3;0.04;0.12;1.01;0.7;1.25;;45.49;;;;37.14;;0.39;0.07
MONFORTE;;;1.4;1.29;16.99;0.04;0.92;1.19;;0.52;0.09;0.28;;1.05;0.53;11.32;0.92;18.46;;;;44.52;0.11;0.11;0.3
MONTALEGRE;;;1.23;0.9;4.93;0.08;0.92;0.84;;0.4;0.32;0.1;0.08;0.65;0.43;0.78;;39.59;;;;48.3;;0.32;0.14
MONTEMOR-O-NOVO;;;2.67;1.89;6.04;0.03;1.26;1.81;;0.58;0.05;0.04;;0.84;0.58;20.57;;15.8;;;;47.27;0.09;0.33;0.16
MONTEMOR-O-VELHO;0.17;;4.8;1.41;8.32;0.07;1.62;2.91;;0.85;0.11;0.1;;1.11;0.94;3.45;0.22;24.3;;;;49.11;;0.44;0.05
MONTIJO;;0.23;4.07;1.84;11.79;0.1;0.94;4.94;0.05;0.84;0.07;0.04;0.13;0.79;1.43;6.51;0.62;19.5;;;;45.66;0.04;0.39;0.05
MORA;;;2.53;0.88;5.35;0.06;1.14;1.66;;0.25;0.02;0.06;;0.66;0.51;27.04;;14.06;;;;45.5;0.04;0.06;0.18
MORTAGUA;;0.1;4.01;1.42;6.18;0.15;2.14;2.11;;0.72;0.06;0.16;0.14;0.9;0.61;1.3;;35.48;;;;43.59;0.01;0.1;0.13
MOURA;;;1.66;0.86;20.74;0.1;0.84;1.16;;0.33;0.06;0.13;;0.97;0.37;15.96;0.67;10.75;;;;45.11;0.05;0.24;0.02
MOURAO;;;1.09;1.32;14.17;0.0;0.75;0.96;;0.13;0.0;0.04;;1.21;0.09;9.63;;32.07;;;;38.26;0.2;0.09;0.0
MURCA;;;1.27;2.68;7.92;0.13;0.83;0.53;;0.2;0.38;0.09;0.16;1.27;0.62;1.13;;42.85;;;;39.3;;0.52;0.12
MURTOSA;;0.24;3.43;2.37;6.39;0.02;1.61;3.17;0.06;0.44;0.12;0.08;;0.67;1.0;1.4;0.45;45.71;;;;32.2;;0.53;0.1
NAZARE;;0.34;6.29;1.02;8.27;0.06;1.38;4.01;;0.7;0.14;0.18;0.19;0.87;0.87;6.52;;24.6;;;;43.72;0.0;0.66;0.17
NELAS;;0.11;2.89;5.34;8.67;0.06;1.26;1.74;;0.6;0.05;0.08;0.1;1.44;1.18;2.11;;29.65;;;;44.24;0.02;0.3;0.17
NISA;;;1.9;0.72;8.13;0.04;1.6;1.05;;0.29;0.09;0.03;;1.41;0.53;8.86;0.67;21.26;;;;53.22;0.0;0.15;0.07
NORDESTE;;0.38;2.47;;6.28;0.16;2.54;1.92;;0.45;0.3;0.29;;2.78;0.8;1.34;0.37;;;34.13;;45.65;;0.17;0.0
OBIDOS;;0.31;4.61;1.5;8.52;0.06;1.27;4.52;;1.19;0.15;0.04;0.02;1.21;1.43;3.76;;32.38;;;;38.53;0.03;0.41;0.06
ODEMIRA;;;4.19;0.8;7.5;0.11;1.27;2.88;;0.9;0.18;0.17;;1.41;1.18;14.16;0.66;15.0;;;;48.91;0.08;0.37;0.2
ODIVELAS;0.07;0.26;4.54;1.09;8.96;0.07;1.01;5.8;0.06;1.68;0.12;0.12;0.07;1.04;2.14;4.76;0.43;20.66;;;;46.63;0.06;0.29;0.13
OEIRAS;0.08;0.33;4.74;1.72;6.09;0.05;1.17;9.71;0.08;2.78;0.14;0.12;0.08;0.69;2.34;4.42;0.29;26.24;;;;38.56;0.03;0.23;0.11
OLEIROS;;0.27;1.68;2.27;4.92;0.1;1.33;1.36;;0.15;0.2;0.31;0.53;2.0;0.54;0.68;0.23;48.79;;;;34.26;0.23;0.17;
OLHAO;;0.51;6.55;1.27;13.93;0.08;1.45;4.3;;0.99;0.18;0.24;;0.95;2.7;4.7;;21.26;;;;40.2;0.11;0.47;0.12
OLIVEIRA DE AZEMEIS;;0.14;4.11;1.84;4.74;0.06;1.16;3.38;0.09;0.57;0.12;0.14;;1.15;1.02;1.27;0.4;34.65;;;;44.36;;0.65;0.14
OLIVEIRA DE FRADES;;0.05;2.56;2.46;7.61;0.08;1.3;1.91;;0.36;0.12;0.0;0.64;0.98;0.93;1.46;;41.82;;;;37.15;0.04;0.39;0.15
OLIVEIRA DO BAIRRO;;0.13;2.92;6.06;9.26;0.07;1.56;4.76;0.05;0.35;0.15;0.15;;1.03;0.72;0.9;0.4;46.31;;;;24.58;;0.4;0.2
OLIVEIRA DO HOSPITAL;0.14;;2.28;3.38;5.2;0.02;1.12;1.59;;0.5;0.07;0.12;;1.7;0.52;1.84;0.15;29.66;;;;51.16;;0.37;0.15
OUREM;;;3.09;3.41;9.7;0.18;1.77;3.67;;0.73;0.26;0.21;;1.37;1.14;1.42;;45.51;;;;26.82;0.07;0.47;0.19
OURIQUE;;;2.61;0.56;7.09;0.18;0.91;1.41;;0.48;0.07;0.28;;0.98;0.89;9.1;0.27;30.02;;;;44.78;0.06;0.09;0.22
OVAR;;0.21;5.11;1.19;4.04;0.08;1.17;3.96;0.03;0.71;0.09;0.16;;0.96;1.33;2.2;0.42;33.25;;;;44.64;;0.37;0.06
PACOS DE FERREIRA;0.04;0.1;2.86;1.5;5.3;0.12;1.3;3.78;0.04;0.59;0.05;0.08;0.16;1.06;0.99;1.84;;37.98;;;;41.31;0.06;0.76;0.1
PALMELA;;0.35;5.9;1.14;10.98;0.07;1.21;5.04;0.05;1.45;0.11;0.14;0.2;0.91;1.94;8.56;0.78;17.44;;;;43.08;0.06;0.49;0.1
PAMPILHOSA DA SERRA;0.0;;2.1;3.14;3.51;0.02;0.34;1.0;;0.15;0.14;0.29;;1.9;0.23;1.3;0.12;35.26;;;;50.02;;0.16;0.33
PAREDES;0.05;0.04;2.83;1.78;4.67;0.18;0.83;2.91;0.05;0.65;0.05;0.06;0.15;1.19;1.1;2.04;;34.79;;;;45.2;0.03;1.31;0.09
PAREDES DE COURA;0.16;;2.48;2.29;5.51;0.27;2.16;1.7;;0.72;0.26;0.39;;1.12;1.12;2.28;;26.81;;;;52.18;;0.46;0.07
PEDROGAO GRANDE;;0.35;2.37;1.87;5.28;0.03;0.57;1.47;;0.06;0.03;0.0;0.03;2.48;0.32;2.14;;45.68;;;;36.9;0.11;0.31;0.0
PENACOVA;0.14;;2.38;1.27;5.71;0.05;1.1;1.76;;0.57;0.06;0.2;;1.15;0.63;2.48;0.3;35.36;;;;46.45;;0.28;0.13
PENAFIEL;0.04;0.09;3.31;1.58;3.56;0.17;0.73;2.4;0.04;0.52;0.07;0.04;0.15;1.19;0.79;1.83;;31.76;;;;47.97;0.05;3.62;0.1
PENALVA DO CASTELO;;0.07;2.24;2.46;6.04;0.14;0.91;1.37;;0.31;0.12;0.24;0.12;1.23;0.34;1.41;;32.99;;;;49.51;0.09;0.34;0.06
PENAMACOR;;0.16;3.94;2.61;11.31;0.09;1.17;1.09;;0.55;0.15;0.26;0.19;1.49;0.62;1.31;0.38;23.81;;;;50.65;0.11;0.12;
PENEDONO;;0.05;1.8;1.95;8.54;0.19;0.54;1.72;;0.4;0.1;0.0;0.03;1.33;0.54;1.06;;39.62;;;;40.97;0.1;1.05;0.03
PENELA;0.02;;3.38;1.12;5.92;0.02;1.56;2.91;;0.41;0.12;0.0;;1.14;1.11;1.23;0.36;31.02;;;;49.26;;0.23;0.18
PENICHE;;0.6;5.12;1.28;9.25;0.06;1.67;4.19;;0.95;0.1;0.13;0.18;1.1;1.46;5.6;;24.69;;;;42.61;0.04;0.89;0.08
PESO DA REGUA;;;2.36;1.38;6.3;0.01;0.59;1.48;;0.26;0.22;0.04;0.13;1.03;0.52;2.43;;35.14;;;;47.9;;0.14;0.09
PINHEL;;;2.8;2.74;6.43;0.21;1.43;1.59;;0.46;0.1;0.22;;1.52;0.37;1.29;;43.44;;;;36.28;0.17;0.6;0.36
POMBAL;;0.27;3.38;2.09;8.67;0.09;2.09;4.46;;0.74;0.11;0.12;0.17;1.2;0.92;1.47;;43.94;;;;29.56;0.04;0.53;0.15
PONTA DELGADA;;0.6;5.04;;7.61;0.08;2.32;4.48;;1.08;0.13;0.26;;1.16;1.73;1.44;0.44;;;29.06;;44.26;;0.22;0.09
PONTA DO SOL;;0.48;1.09;;5.69;0.33;0.58;2.32;2.8;0.66;0.07;0.42;;1.71;0.68;0.64;;;46.27;;0.13;35.73;0.33;0.09;
PONTE DA BARCA;0.0;;1.97;2.21;5.61;0.11;0.96;1.84;;0.55;0.08;0.0;;0.68;0.83;1.51;;40.3;;;;42.9;;0.31;0.11
PONTE DE LIMA;0.07;;2.39;11.68;6.35;0.07;1.14;2.74;;0.48;0.08;0.16;;1.16;0.7;1.67;;37.88;;;;32.87;;0.43;0.14
PONTE DE SOR;;;3.54;0.77;10.51;0.08;0.96;1.91;;0.33;0.18;0.07;;0.9;0.37;15.39;1.09;12.57;;;;50.91;0.01;0.25;0.15
PORTALEGRE;;;2.31;1.47;8.9;0.06;1.25;2.12;;0.76;0.01;0.08;;0.84;0.56;2.89;0.31;33.44;;;;44.61;0.05;0.25;0.08
PORTEL;;;2.43;0.55;8.56;0.01;0.55;1.05;;0.18;0.07;0.0;;0.97;0.64;24.34;;8.51;;;;51.29;0.01;0.78;0.06
PORTIMAO;;0.61;6.61;1.44;13.86;0.09;1.37;5.25;;0.99;0.21;0.24;;0.74;2.23;4.44;;22.03;;;;39.16;0.14;0.45;0.15
PORTO;0.02;0.17;5.99;1.97;3.3;0.08;0.8;7.76;0.03;2.17;0.07;0.05;0.07;0.6;1.93;4.75;;34.47;;;;35.28;0.03;0.32;0.14
PORTO DE MOS;;0.24;3.83;2.41;10.11;0.08;1.58;4.89;;0.67;0.1;0.1;0.13;1.23;1.05;1.77;;40.91;;;;30.2;0.06;0.45;0.18
PORTO MONIZ;;0.19;0.72;;5.07;0.09;0.66;0.85;1.03;0.27;0.51;0.16;;1.95;0.49;1.05;;;46.27;;0.09;40.22;0.2;0.18;
PORTO SANTO;;0.21;2.83;;8.67;0.18;0.64;2.01;1.83;0.86;0.14;0.07;;1.86;1.43;1.04;;;40.33;;0.04;37.36;0.14;0.36;
POVOA DE LANHOSO;0.05;;1.83;1.33;5.04;0.07;1.1;2.07;0.2;0.43;0.05;0.13;;0.75;0.49;1.17;;35.26;;;;49.48;0.16;0.34;0.05
POVOA DE VARZIM;0.07;0.07;2.65;3.27;6.85;0.08;1.22;4.08;0.08;0.75;0.05;0.08;0.19;0.78;1.02;1.29;;48.34;;;;28.56;0.03;0.46;0.07
POVOACAO;;0.61;5.01;;7.63;0.08;2.33;4.53;;1.09;0.13;0.26;;1.16;1.72;1.46;0.44;;;29.11;;44.14;;0.23;0.09
PROENCA-A-NOVA;;0.01;2.08;2.05;7.98;0.12;1.14;1.72;;0.32;0.02;0.03;0.01;1.22;0.42;0.97;0.1;36.38;;;;45.3;0.02;0.1;
REDONDO;;;3.06;1.27;10.14;0.0;0.65;1.22;;0.6;0.14;0.0;;0.45;0.64;14.4;;22.02;;;;44.92;0.12;0.18;0.2
REGUENGOS DE MONSARAZ;;;2.62;0.52;11.36;0.01;1.24;1.24;;0.29;0.1;0.24;;0.91;0.88;8.27;;21.25;;;;50.56;0.05;0.39;0.08
RESENDE;;0.01;1.01;0.88;4.62;0.09;0.68;1.08;;0.29;0.04;0.04;0.01;1.33;0.33;0.89;;40.64;;;;47.02;0.2;0.53;0.3
RIBEIRA BRAVA;;0.72;3.05;;8.37;0.41;0.85;1.8;2.49;0.65;0.5;0.46;;2.55;1.58;1.73;;;45.78;;0.14;27.61;0.8;0.52;
RIBEIRA DE PENA;;;1.0;1.71;4.33;0.1;0.57;0.99;;0.33;0.21;0.02;0.26;0.5;0.27;1.28;;41.21;;;;46.67;;0.56;0.0
RIBEIRA GRANDE;;0.34;5.37;;8.73;0.04;2.42;2.95;;0.69;0.08;0.22;;1.57;1.5;1.36;0.49;;;31.17;;42.66;;0.24;0.16
RIO MAIOR;;;3.3;2.23;9.49;0.19;1.48;2.72;;0.8;0.17;0.08;;1.0;0.8;3.48;;33.53;;;;40.22;0.07;0.33;0.1
SABROSA;;;2.54;2.11;8.13;0.08;0.94;1.4;;0.13;0.15;0.03;0.2;1.69;0.5;1.67;;36.26;;;;43.39;;0.78;0.0
SABUGAL;;;2.89;2.66;11.03;0.28;1.44;1.42;;0.44;0.1;0.25;;1.29;0.68;1.24;;31.67;;;;43.59;0.07;0.73;0.23
SALVATERRA DE MAGOS;;;5.87;1.34;12.97;0.08;1.12;3.12;;0.7;0.16;0.08;;1.2;1.04;6.35;;15.54;;;;49.88;0.02;0.43;0.1
SANTA COMBA DAO;;0.02;3.22;1.44;6.4;0.08;1.7;2.29;;0.57;0.06;0.04;0.04;1.37;0.7;1.17;;36.79;;;;43.41;0.05;0.48;0.19
SANTA CRUZ;;0.45;2.51;;4.67;0.15;0.61;2.65;30.64;0.61;0.09;0.21;;1.61;1.41;1.57;;;27.37;;0.4;24.22;0.52;0.31;
SANTA CRUZ DA GRACIOSA;;0.73;1.9;;2.87;0.1;2.88;2.46;;0.52;0.14;0.2;;1.16;0.78;0.84;0.07;;;37.48;;47.46;;0.42;0.0
SANTA CRUZ DAS FLORES;;0.27;3.8;;5.67;0.13;5.26;1.09;;0.27;0.2;0.09;;1.54;0.27;2.42;0.82;;;21.96;;54.84;;1.38;0.0
SANTA MARIA DA FEIRA;;0.19;4.71;1.64;4.6;0.06;1.13;4.35;0.04;0.66;0.13;0.16;;1.0;1.28;1.54;0.41;33.79;;;;43.73;;0.48;0.12
SANTA MARTA DE PENAGUIAO;;;1.58;1.62;5.4;0.0;0.68;1.56;;0.19;0.2;0.0;0.12;0.95;0.58;1.18;;32.33;;;;53.28;;0.24;0.06
SANTANA;;0.37;2.5;;3.62;0.2;0.72;2.0;3.82;1.08;0.02;0.4;;1.74;0.99;1.84;;;48.97;;0.1;30.86;0.38;0.39;
SANTAREM;;;3.65;1.82;9.77;0.05;1.07;3.39;;0.59;0.1;0.17;;0.75;0.87;5.65;;26.74;;;;44.8;0.07;0.42;0.09
SANTIAGO DO CACEM;;0.21;5.09;1.26;7.68;0.09;1.17;2.83;0.08;0.76;0.1;0.05;0.08;0.97;0.93;16.22;1.33;16.08;;;;44.48;0.08;0.46;0.05
SANTO TIRSO;0.04;0.1;4.33;1.18;4.44;0.13;1.21;3.76;0.04;0.77;0.07;0.06;0.11;0.76;1.31;2.73;;31.58;;;;46.66;0.07;0.48;0.18
SAO BRAS DE ALPORTEL;;0.35;5.22;1.05;10.89;0.02;1.6;4.25;;0.97;0.14;0.23;;1.03;1.75;3.99;;27.73;;;;40.08;0.21;0.39;0.1
SAO JOAO DA MADEIRA;;0.28;5.19;1.57;3.88;0.04;1.02;5.26;0.05;0.93;0.17;0.18;;0.84;1.44;2.57;0.36;30.33;;;;45.3;;0.42;0.16
SAO JOAO DA PESQUEIRA;;0.01;2.03;1.98;5.9;0.16;0.81;2.03;;0.42;0.16;0.11;0.24;1.03;0.69;1.66;;36.92;;;;44.12;0.22;1.16;0.37
SAO PEDRO DO SUL;;0.08;2.14;1.77;6.59;0.13;1.39;1.8;;0.48;0.07;0.08;0.07;1.1;0.74;1.5;;35.12;;;;45.95;0.19;0.58;0.23
SAO ROQUE DO PICO;;0.22;3.77;;4.01;0.0;3.78;2.25;;0.58;0.18;0.04;;0.58;1.6;0.42;0.23;;;34.76;;47.27;;0.29;0.04
SAO VICENTE;;0.55;2.8;;5.27;0.43;0.86;3.18;1.19;0.4;0.17;0.14;;1.56;0.54;1.66;;;52.83;;0.1;26.75;0.88;0.68;
SARDOAL;;;4.0;1.99;9.94;0.11;1.38;1.74;;0.57;0.66;0.17;;1.41;2.25;3.48;;32.99;;;;38.53;0.0;0.68;0.09
SATAO;;0.12;1.86;2.52;10.93;0.09;0.79;2.13;;0.3;0.23;0.04;0.12;1.09;0.74;1.33;;41.66;;;;35.56;0.04;0.37;0.07
SEIA;;;2.41;1.68;7.27;0.13;1.13;1.54;;0.49;0.05;0.06;;1.81;0.71;2.55;;28.83;;;;50.72;0.08;0.38;0.16
SEIXAL;;0.26;5.35;1.1;9.82;0.07;1.01;5.52;0.04;1.28;0.12;0.12;0.08;0.89;2.16;9.47;0.47;16.08;;;;45.67;0.05;0.33;0.1
SERNANCELHE;;0.0;1.31;3.69;7.33;0.11;1.3;0.79;;0.48;0.14;0.17;0.01;1.43;0.61;0.88;;53.22;;;;28.04;0.03;0.38;0.08
SERPA;;;2.43;0.47;11.72;0.17;0.84;1.35;;0.46;0.01;0.09;;0.73;0.39;29.17;0.86;11.81;;;;38.99;0.08;0.17;0.26
SERTA;;0.19;2.09;2.74;8.04;0.11;0.97;1.51;;0.47;0.08;0.12;0.08;1.86;0.67;0.74;0.07;40.14;;;;39.89;0.04;0.18;
SESIMBRA;;0.41;5.49;1.23;10.8;0.09;1.12;5.25;0.03;1.33;0.13;0.14;0.16;0.87;2.01;8.91;0.6;16.98;;;;43.88;0.06;0.38;0.15
SETUBAL;;0.31;5.79;1.08;9.02;0.08;1.06;5.22;0.07;1.39;0.09;0.13;0.08;0.61;1.82;10.21;0.6;16.74;;;;45.26;0.05;0.27;0.12
SEVER DO VOUGA;;0.12;3.15;4.51;7.03;0.07;1.01;3.24;0.03;0.67;0.04;0.06;;0.85;0.8;1.03;0.4;48.62;;;;27.75;;0.54;0.1
SILVES;;0.53;5.15;0.94;13.25;0.16;1.44;3.63;;1.03;0.12;0.22;;1.2;1.69;8.41;;21.74;;;;39.79;0.21;0.34;0.13
SINES;;0.23;5.11;1.23;10.05;0.12;1.26;3.5;0.02;1.17;0.14;0.24;0.02;0.81;1.08;8.68;0.73;17.23;;;;47.96;0.01;0.24;0.16
SINTRA;0.05;0.32;5.06;1.45;9.63;0.11;1.17;6.28;0.09;1.8;0.13;0.15;0.13;0.96;2.29;4.47;0.45;21.79;;;;43.22;0.04;0.3;0.11
SOBRAL DE MONTE AGRACO;0.03;0.34;4.12;1.37;9.09;0.07;1.14;5.58;0.18;1.62;0.27;0.17;0.09;1.18;1.53;8.33;1.03;21.43;;;;41.91;0.04;0.41;0.08
SOURE;0.15;;4.9;1.3;6.68;0.05;1.9;2.44;;0.94;0.08;0.14;;1.28;0.83;3.24;0.24;25.09;;;;50.08;;0.58;0.08
SOUSEL;;;2.63;0.55;10.78;0.0;0.88;2.16;;0.44;0.24;0.0;;1.27;0.27;7.68;0.61;24.8;;;;47.34;0.07;0.29;0.0
TABUA;0.1;;2.06;1.95;4.64;0.12;1.19;2.16;;0.27;0.03;0.15;;1.62;0.88;1.82;0.33;32.77;;;;49.38;;0.37;0.14
TABUACO;;0.42;2.69;3.41;7.8;0.07;0.8;0.88;;0.31;0.04;0.04;0.0;1.46;0.66;0.59;;38.06;;;;41.62;0.08;0.71;0.37
TAROUCA;;0.09;2.56;2.01;6.76;0.08;0.64;1.29;;0.53;0.01;0.03;0.12;1.67;0.47;2.3;;40.75;;;;40.1;0.22;0.26;0.11
TAVIRA;;0.31;4.71;0.82;8.98;0.18;1.66;2.98;;1.0;0.14;0.12;;1.27;1.22;3.5;;27.05;;;;45.29;0.19;0.47;0.11
TERRAS DE BOURO;0.03;;1.96;1.7;7.55;0.02;1.17;1.76;0.02;0.34;0.28;0.09;;0.74;0.87;1.75;;44.9;;;;36.27;0.15;0.26;0.15
TOMAR;;;4.51;2.05;9.62;0.13;1.23;2.8;;0.73;0.15;0.2;;1.16;1.17;3.4;;27.58;;;;44.58;0.1;0.37;0.24
TONDELA;;0.11;2.84;2.2;7.5;0.18;1.36;2.41;;0.63;0.08;0.08;0.12;0.98;0.73;1.64;;38.59;;;;40.11;0.08;0.28;0.09
TORRE DE MONCORVO;;;2.41;2.05;8.34;0.08;0.5;1.11;;0.39;0.07;0.24;;1.13;0.63;1.26;;37.84;;;;43.2;;0.78;
TORRES NOVAS;;;6.23;1.56;8.95;0.13;1.46;3.32;;0.68;0.18;0.14;;1.15;1.08;5.4;;23.28;;;;45.73;0.11;0.42;0.2
TORRES VEDRAS;0.27;0.38;4.49;1.37;8.91;0.09;1.34;5.0;0.1;1.23;0.15;0.16;0.08;1.17;1.46;3.99;0.62;26.89;;;;41.74;0.03;0.49;0.06
TRANCOSO;;;2.28;3.01;6.65;0.28;1.03;0.99;;0.28;0.04;0.02;;1.05;0.28;1.25;;34.19;;;;47.8;0.19;0.59;0.08
TROFA;0.04;0.05;3.06;1.61;4.58;0.16;1.16;3.62;0.03;0.62;0.11;0.07;0.11;0.97;1.6;1.59;;37.18;;;;42.64;0.07;0.67;0.07
VAGOS;;0.2;2.83;5.09;8.65;0.1;1.28;3.67;0.04;0.75;0.1;0.09;;1.26;0.87;0.76;0.24;52.8;;;;20.86;;0.29;0.08
VALE DE CAMBRA;;0.09;3.7;7.34;5.07;0.05;1.25;3.2;0.04;0.47;0.09;0.09;;1.48;0.79;0.86;0.26;39.07;;;;35.28;;0.73;0.13
VALENCA;0.1;;2.16;1.92;8.75;0.09;0.91;2.4;;0.34;0.19;0.04;;1.0;0.89;1.61;;36.98;;;;41.87;;0.66;0.09
VALONGO;0.04;0.18;5.09;0.99;4.82;0.09;1.18;4.6;0.05;1.03;0.06;0.09;0.12;1.06;2.08;4.17;;28.17;;;;45.1;0.06;0.94;0.09
VALPACOS;;;1.25;2.16;8.25;0.08;0.9;0.74;;0.28;0.28;0.03;0.27;1.49;0.55;0.61;;55.53;;;;27.24;;0.28;0.07
VELAS;;1.26;2.2;;4.52;0.09;2.15;3.11;;0.49;0.0;0.25;;1.39;1.08;2.15;0.29;;;41.17;;39.65;;0.12;0.07
VENDAS NOVAS;;;3.57;0.7;7.64;0.04;0.58;2.04;;0.6;0.01;0.04;;0.51;0.76;16.88;;20.75;;;;45.16;0.06;0.62;0.06
VIANA DO ALENTEJO;;;3.11;1.4;11.05;0.1;1.37;1.79;;0.48;0.0;0.09;;0.61;0.86;23.51;;15.58;;;;39.48;0.0;0.38;0.19
VIANA DO CASTELO;0.2;;4.18;2.15;6.83;0.13;1.44;3.08;;0.72;0.15;0.14;;0.9;1.02;3.32;;32.21;;;;42.83;;0.58;0.12
VIDIGUEIRA;;;2.5;0.51;9.41;0.02;0.98;1.78;;0.51;0.14;0.33;;0.98;0.82;22.18;0.74;9.65;;;;49.16;0.0;0.16;0.09
VIEIRA DO MINHO;0.09;;2.17;1.42;7.13;0.13;0.95;1.8;0.1;0.43;0.06;0.06;;0.82;0.84;1.7;;41.76;;;;39.93;0.14;0.42;0.06
VILA DA PRAIA DA VITORIA;;0.46;2.56;;5.69;0.03;2.37;3.55;;0.55;0.08;0.12;;0.98;0.94;0.98;0.43;;;38.42;;42.65;;0.13;0.05
VILA DE REI;;0.18;3.33;3.68;8.12;0.0;1.22;1.35;;0.39;0.14;0.14;0.02;1.8;0.72;4.03;0.21;45.55;;;;28.79;0.09;0.23;
VILA DO BISPO;;0.82;6.98;0.58;7.79;0.08;1.66;3.17;;1.36;0.24;0.4;;0.74;2.44;6.41;;23.44;;;;43.32;0.03;0.53;0.0
VILA DO CONDE;0.05;0.16;3.62;1.43;5.29;0.12;1.02;4.26;0.05;0.74;0.07;0.09;0.08;0.71;1.36;2.09;;34.25;;;;44.0;0.05;0.5;0.07
VILA DO PORTO;;0.74;4.65;;4.45;0.08;3.52;2.76;;0.72;0.11;0.15;;1.11;1.08;1.89;0.64;;;22.93;;54.74;;0.44;0.0
VILA FLOR;;;2.29;3.33;8.52;0.21;0.64;1.65;;0.2;0.04;0.11;;1.18;0.34;1.53;;36.69;;;;42.72;;0.54;
VILA FRANCA DE XIRA;0.05;0.2;5.09;1.1;9.11;0.08;1.14;5.22;0.07;1.6;0.11;0.11;0.06;0.83;1.87;9.27;0.68;16.32;;;;46.59;0.04;0.35;0.1
VILA FRANCA DO CAMPO;;0.34;2.82;;7.65;0.08;2.53;2.89;;0.89;0.09;0.11;;1.18;1.8;0.88;0.29;;;31.88;;46.31;;0.25;0.02
VILA NOVA DA BARQUINHA;;;5.03;1.5;12.58;0.04;1.29;3.04;;0.49;0.14;0.16;;0.78;1.7;5.36;;15.55;;;;51.68;0.15;0.46;0.06
VILA NOVA DE CERVEIRA;0.08;;2.97;1.76;7.78;0.08;1.05;2.39;;0.5;0.08;0.1;;1.02;1.01;1.57;;30.83;;;;48.26;;0.44;0.08
VILA NOVA DE FAMALICAO;0.03;;3.45;1.58;5.2;0.1;1.21;3.89;0.09;0.65;0.08;0.08;;0.88;1.2;2.14;;33.96;;;;44.96;0.08;0.36;0.06
VILA NOVA DE FOZ COA;;;1.69;1.85;5.36;0.21;1.02;0.69;;0.38;0.05;0.05;;1.08;0.72;1.1;;41.45;;;;43.76;0.09;0.25;0.26
VILA NOVA DE GAIA;0.04;0.19;5.38;1.45;4.49;0.1;1.11;5.61;0.04;1.11;0.07;0.1;0.09;0.82;1.97;3.56;;29.41;;;;43.81;0.05;0.5;0.09
VILA NOVA DE PAIVA;;0.02;1.12;3.14;7.94;0.18;1.01;2.13;;0.13;0.17;0.06;0.45;1.47;0.66;1.42;;45.72;;;;33.73;0.04;0.38;0.22
VILA NOVA DE POIARES;0.28;;4.5;0.9;7.38;0.04;1.86;2.41;;0.66;0.2;0.08;;1.39;0.92;2.64;0.18;31.75;;;;44.41;;0.37;0.02
VILA POUCA DE AGUIAR;;;1.51;1.31;5.69;0.1;0.71;1.11;;0.33;0.22;0.18;0.09;1.45;0.65;1.5;;43.55;;;;41.11;;0.42;0.06
VILA REAL;;;2.7;1.6;7.98;0.12;0.99;2.05;;0.53;0.17;0.04;0.18;0.87;0.89;1.56;;39.38;;;;40.35;;0.46;0.13
VILA REAL DE SANTO ANTONIO;;0.24;5.54;1.02;12.47;0.07;0.92;2.39;;0.8;0.08;0.07;;0.84;1.68;7.09;;19.38;;;;46.72;0.06;0.56;0.08
VILA VELHA DE RODAO;;0.0;3.81;1.39;6.19;0.0;1.18;2.22;;0.32;0.12;0.1;0.1;1.11;0.36;3.46;0.6;22.72;;;;56.22;0.03;0.09;
VILA VERDE;0.09;;2.29;2.36;7.39;0.11;1.44;2.79;0.12;0.57;0.06;0.18;;0.95;0.89;1.05;;42.95;;;;36.13;0.11;0.41;0.12
VILA VICOSA;;;2.22;1.02;12.6;0.06;0.82;1.52;;0.36;0.12;0.26;;0.6;0.31;11.78;;17.77;;;;50.04;0.0;0.32;0.18
VIMIOSO;;;1.59;0.96;4.43;0.05;0.81;1.07;;0.16;0.12;0.19;;1.21;0.33;0.85;;55.87;;;;32.11;;0.25;
VINHAIS;;;1.28;1.67;6.83;0.02;0.7;0.85;;0.1;0.07;0.14;;1.75;0.44;0.76;;41.61;;;;43.47;;0.3;
VISEU;;0.11;2.83;2.01;8.79;0.1;1.16;3.02;;0.68;0.08;0.06;0.17;0.97;0.99;1.3;;36.72;;;;40.51;0.05;0.27;0.18
VIZELA;0.0;;3.92;1.36;4.34;0.11;1.14;4.45;0.14;0.73;0.09;0.06;;1.0;0.88;1.91;;23.91;;;;55.26;0.08;0.55;0.06
VOUZELA;;0.18;2.51;1.17;7.8;0.08;1.09;2.05;;0.59;0.05;0.04;0.16;0.89;0.67;1.11;;37.51;;;;43.66;0.11;0.29;0.04
