Concelho,PPD/PSD.CDS-PP.PPM,PS,CH,IL,B.E.,PCP-PEV,L
ABRANTES,24.92,26.37,30.64,3.27,2.22,3.5,3.09
AGUEDA,40.73,21.78,21.7,4.86,1.22,1.06,2.23
AGUIAR DA BEIRA,54.11,17.67,17.74,2.08,0.74,0.34,0.68
ALANDROAL,17.11,33.6,28.64,1.5,1.27,11.8,1.58
ALBERGARIA-A-VELHA,41.87,17.55,25.01,4.76,1.35,1,2.1
ALBUFEIRA,26.01,16.53,39.49,4.73,2.1,1.81,2.64
ALCACER DO SAL,17.05,31.22,22.58,2.32,2.62,14.2,3.41
ALCANENA,33.93,22.16,25.21,4.3,1.46,3.57,2.6
ALCOBACA,37.64,19.51,23.05,6.08,1.7,1.75,3.2
ALCOCHETE,25.76,20.9,25.29,8,2.25,5.18,6.83
ALCOUTIM,38.11,31.51,16.2,1.58,1.2,3.9,1.88
ALENQUER,24.67,23.69,28.11,5.41,2.05,4.88,4.49
ALFANDEGA DA FE,44.32,30.2,17.12,0.89,0.64,0.86,1.47
ALIJO,42.39,27.5,19.72,2.22,0.99,0.99,1.21
ALJEZUR,24.37,24.96,27.18,3.45,2.73,4.4,3.84
ALJUSTREL,11.86,30.44,26.41,1.2,1.82,21.32,1.68
ALMADA,22.9,26.28,21.54,5.94,2.81,6.72,7.24
ALMEIDA,40.98,25.24,22.26,1.85,0.86,1.19,1.04
ALMEIRIM,23.85,26.69,31.85,3.76,1.8,3.58,2.9
ALMODOVAR,26.33,27.4,30.5,1.9,1.69,4.77,1.47
ALPIARCA,19.23,24.48,25.02,3.81,1.98,16.96,2.86
ALTER DO CHAO,26.49,27.41,30.63,1.84,1.44,6.55,0.86
ALVAIAZERE,53.77,13.68,21.93,2.2,0.59,0.37,1.27
ALVITO,20.75,26.97,28.3,1.66,3.07,11.62,2.41
AMADORA,23.99,28.83,21.2,6.05,2.73,4.06,6.34
AMARANTE,39.67,27.3,17.04,3.71,1.6,1.2,3.07
AMARES,38.99,18.59,26.22,6.25,1.38,1.11,2.15
ANADIA,45.27,17.89,20.4,4.92,1.19,1.02,2.27
ANGRA DO HEROISMO,39.11,27.53,17.14,3.45,1.92,1.05,2.96
ANSIAO,46.3,19.48,19.02,3.78,1.01,1.05,1.94
ARCOS DE VALDEVEZ,48.91,19.98,19.69,2.36,0.92,1.05,1.68
ARGANIL,39.24,29.35,17.02,2.46,1.59,1.11,2.65
ARMAMAR,46.15,16.52,24.47,2.87,0.81,2.18,1.22
AROUCA,53.51,16.54,16.39,3.79,0.93,0.56,1.73
ARRAIOLOS,19.26,29.34,19.51,2.41,2.24,19.43,2.53
ARRONCHES,33.05,25.84,28.02,1.92,1.19,2.91,1.45
ARRUDA DOS VINHOS,29.44,22.9,23.09,8.45,1.74,2.9,5.07
AVEIRO,37.22,21.05,19.18,7.46,2.18,1.39,5.1
AVIS,17.13,28.73,22.12,1.17,1.26,23.74,1.26
AZAMBUJA,22,24.19,29.49,4.42,2.69,5,5.07
BAIAO,40.19,28.85,18.52,1.85,1.04,0.94,1.64
BARCELOS,41.6,18.3,23.23,5.77,1.7,1.14,2.72
BARRANCOS,18.34,28.91,31.03,2.26,0.99,11.28,0.99
BARREIRO,16.16,30.21,23.68,4.23,2.77,10.2,6.01
BATALHA,43.46,13.64,23.15,7.1,1.59,0.87,2.79
BEJA,24.2,23.89,27.04,2.57,2.05,13.16,2.38
BELMONTE,27.15,32.44,25.21,1.82,1.56,2.47,2.24
BENAVENTE,24.95,18.03,36.25,4.79,1.56,5.24,3.68
BOMBARRAL,32.91,22.96,24.42,4.32,2.01,3.61,23.9
BORBA,22.8,33.78,27.04,1.82,1.39,6.63,1.71
BOTICAS,62.68,15.06,13.84,1.19,0.61,1.22,0.42
BRAGA,31.69,23.01,21.02,9.47,2.59,2.23,4.54
BRAGANCA,41.55,26.05,19.62,3.8,1.09,1.04,1.46
CABECEIRAS DE BASTO,42.86,28.36,17.16,3.2,1.19,0.84,1.43
CADAVAL,31.12,23.97,26.71,4.27,1.65,2.13,2.99
CALDAS DA RAINHA,34.7,20.15,23.03,6.17,2.19,1.93,4.63
CALHETA (ACORES),51.23,18.41,13.22,1.93,1.4,3.59,1.59
CALHETA (MADEIRA),58.01,7.67,16.99,1.67,0.68,0.68,0.71
CAMARA DE LOBOS,45.18,9.16,25.68,2.05,1.38,1.37,1.14
CAMINHA,35.19,25.72,22.15,3.78,1.91,2.22,2.89
CAMPO MAIOR,17,30.36,33.37,1.68,1.24,8.36,2.9
CANTANHEDE,40.65,19.53,22.8,4.52,1.38,1.09,2.89
CARRAZEDA DE ANSIAES,46.96,20.42,21.45,2.06,0.95,1.11,0.98
CARREGAL DO SAL,40.98,21.17,24.81,2.3,1.33,1.04,2.18
CARTAXO,26.22,24.07,29.91,4.01,1.76,3.54,4.3
CASCAIS,34.54,19.96,19.23,9.09,1.96,2.39,6.23
CASTANHEIRA DE PERA,32.28,37.76,16.69,1.74,1.42,1.16,2.19
CASTELO BRANCO,30.79,24.95,28.48,3.92,1.64,1.63,2.87
CASTELO DE PAIVA,44.63,25.92,17.45,2.54,1.17,0.6,1.52
CASTELO DE VIDE,36.41,29.65,18.41,1.94,1.59,3.12,1.82
CASTRO DAIRE,48.27,18.08,23.76,1.94,0.79,0.92,0.88
CASTRO MARIM,24.72,23.62,36.1,2.68,2.14,2.2,2.12
CASTRO VERDE,17.21,26.87,26.4,2.32,2.47,16.34,2.86
CELORICO DA BEIRA,43.51,23.22,22.78,1.41,0.76,0.99,1.26
CELORICO DE BASTO,46.94,23.37,16.95,3.58,1.44,0.91,1.72
CHAMUSCA,25.11,27.45,28.5,2.08,1.97,7.1,1.97
CHAVES,41.12,23.09,24.08,2.29,1.01,1.35,1.53
CINFAES,42.12,27.98,18.68,1.74,0.86,0.8,1.15
COIMBRA,32.79,29.76,14.16,5.52,2.77,3.56,5.57
CONDEIXA-A-NOVA,31.09,28.02,17.96,5.21,2.79,2.51,5.4
CONSTANCIA,23.27,23.82,32.74,3.01,1.19,5.86,2.89
CORUCHE,23.05,29.23,28.38,2.97,1.17,8.19,2.17
CORVO,27.27,39.26,9.5,1.24,0,9.92,0.83
COVILHA,26.76,36.32,18.98,2.95,2.05,3.67,3.3
CRATO,29.09,30.38,25.22,1.13,1.18,4.84,2.58
CUBA,19.98,26.75,25.56,1.49,1.27,18.27,2.11
ELVAS,21.41,22.98,43.51,2.01,1.34,2.1,1.54
ENTRONCAMENTO,26.93,23.67,31.83,3.84,1.99,2.46,4.13
ESPINHO,39.99,25.35,15.63,5.52,1.41,2.43,3.31
ESPOSENDE,42.71,15.05,23.58,7.08,1.57,1.25,3.15
ESTARREJA,37.75,21.12,23.83,4.82,1.56,1.88,2.45
ESTREMOZ,27.6,27.45,28.59,2.2,1.51,5.52,2.03
EVORA,27.87,26.76,23.2,3.7,2.14,7.37,3.72
FAFE,35.8,26.66,22.51,4.38,1.5,1.65,2.17
FARO,27.76,22.91,27,5.24,2.75,2.96,4.6
FELGUEIRAS,37.82,23.3,23.32,4.28,1.06,1.22,2.23
FERREIRA DO ALENTEJO,18.25,29.29,29.63,1.39,1.81,12.7,1.92
FERREIRA DO ZEZERE,39.31,20.18,25.69,3.45,1.26,1.05,1.73
FIGUEIRA DA FOZ,31.27,25.77,22.48,4.31,2.21,2.64,4.02
FIGUEIRA DE CASTELO RODRIGO,42.24,25.17,22.73,1.39,1.12,0.38,1.29
FIGUEIRO DOS VINHOS,45.94,22.13,17.87,2.35,0.98,0.83,1.75
FORNOS DE ALGODRES,38.94,30.75,20.41,1.89,0.93,0.93,1.04
FREIXO DE ESPADA A CINTA,35.32,33.92,24.09,0.7,0.35,0.88,0.82
FRONTEIRA,27.65,27.71,31.6,2,0.65,4.13,1.24
FUNCHAL,39.92,14.87,20.54,3.34,1.63,1.65,1.47
FUNDAO,30.22,28.9,25.17,3.11,1.84,1.78,2.4
GAVIAO,19.3,40.83,24.74,1.84,1.16,5.19,1.7
GOIS,38.62,30.76,15.26,2.47,2.65,1.12,2
GOLEGA,27.2,25.2,29.13,2.96,1.93,5.56,2.5
GONDOMAR,29.43,25.19,23.08,5.65,2.28,3.39,4.16
GOUVEIA,39.27,28.55,19.9,1.85,1.43,1.3,1.4
GRANDOLA,20.32,26.07,25.56,3.42,2.66,11.68,3.93
GUARDA,36.59,26.73,21.88,3.72,1.59,1.19,2.06
GUIMARAES,33.27,26.65,20.3,6.83,1.97,2.49,3.11
HORTA,40.93,24.52,15.34,2.48,2.9,2.71,2.84
IDANHA-A-NOVA,26.7,32.31,26.9,1.26,1.37,2.29,1.71
ILHAVO,36.17,18.27,24.29,6.75,2.11,1.11,4.63
LAGOA (ACORES),28.42,26.76,29.25,3.33,1.86,0.64,2.23
LAGOA (FARO),23.52,18.53,39.69,4.42,2.26,2.28,2.97
LAGOS,21.06,25.84,24.5,4.81,6.84,3.76,3.77
LAJES DAS FLORES,32.72,30.54,19.22,2.33,1.71,2.64,1.86
LAJES DO PICO,40.2,32.15,12.36,2.32,1.18,1.42,1.85
LAMEGO,41.87,23.04,22.87,2.99,1.08,1.96,1.86
LEIRIA,40.23,17.02,20.92,7.43,1.88,1.19,3.84
LISBOA,31.65,23.3,14.53,9.27,2.69,3.67,9.4
LOULE,29.45,18.64,33.52,4.32,2.39,1.63,2.96
LOURES,23.79,26.28,24.31,6.23,2.14,4.92,5.42
LOURINHA,34.65,17.14,29.65,4.56,1.73,1.51,3.42
LOUSA,31.59,26.84,19.23,3.98,2.89,1.92,4.43
LOUSADA,36.03,24.43,23.82,4.04,1.35,1.23,2.57
MACAO,36.68,25.73,22.38,2.39,1.8,2.05,1.97
MACEDO DE CAVALEIROS,45.85,27.11,17.74,1.32,0.81,0.96,1.13
MACHICO,36.4,22.63,20.88,1.69,1.07,0.78,0.88
MADALENA,42.61,22.28,17.2,2.84,1.87,1.64,2.46
MAFRA,31.62,19.12,22.92,8.25,2,2.16,6.22
MAIA,34.48,23.25,18.75,7.95,2.04,2.05,5.02
MANGUALDE,37.02,25.15,25.33,2.96,0.93,1.32,1.88
MANTEIGAS,32.29,33.07,19.1,2.95,1.27,2.11,2.83
MARCO DE CANAVESES,39.51,23.56,20.95,4.16,1.31,1.15,2.48
MARINHA GRANDE,21.83,25.12,25.49,5.75,3.17,7.07,4.58
MARVAO,38.91,29.63,18.55,1.23,1.16,2.07,2.52
MATOSINHOS,31.43,26.88,18.48,7.04,2.27,2.64,5.18
MEALHADA,31.21,28.45,20.1,5.21,2.14,2.12,3.63
MEDA,47.86,23.69,17.32,1.46,0.75,0.994,0.97
MELGACO,42.45,30.56,15.15,2.42,1.1,0.95,1.68
MERTOLA,18.7,30.41,19.91,1.24,1.75,19.11,1.72
MESAO FRIO,48.12,26.11,14.81,2.19,1.02,0.78,1.46
MIRA,39.55,22,23.03,4.55,1.36,0.66,2.42
MIRANDA DO CORVO,33.02,31.62,17.12,3.62,2.12,2.15,2.78
MIRANDA DO DOURO,46.71,26.17,15.05,2.03,0.86,0.69,1.66
MIRANDELA,41.06,22.59,25.87,2.29,0.84,1.48,1.15
MOGADOURO,50.76,20.09,21.51,1.11,0.71,0.43,0.45
MOIMENTA DA BEIRA,41.03,22.5,24.23,2.51,0.77,1.09,1.28
MOITA,14.56,25.51,31.75,3.78,3.05,10.57,4.18
MONCAO,43.02,20.35,22.72,3.46,1.49,0.86,2.01
MONCHIQUE,29.87,28.52,21.24,2.94,2.35,3.87,2.97
MONDIM DE BASTO,49.07,21.89,18.26,2.34,1.03,1.44,1.16
MONFORTE,23.2,29,34.67,0.99,0.86,6.06,0.873
MONTALEGRE,43.44,32.45,14.96,1.23,1.13,0.92,0.91
MONTEMOR-O-NOVO,22.07,28.48,17.97,3.04,1.69,18.8,2.75
MONTEMOR-O-VELHO,31.33,26.05,24.11,4.27,1.96,2.31,2.98
MONTIJO,23.72,20.69,31.41,6.9,2.14,3.88,5.25
MORA,20.4,29.69,19.34,1.19,1.19,21.08,1.96
MORTAGUA,43.9,24.25,14.79,2.99,1.68,0.98,2.6
MOURA,16.73,27.12,36.71,1.23,1.04,11.36,1.45
MOURAO,28.26,28.41,31.89,1.21,1.21,4.55,1.14
MURCA,45.95,23.18,21.46,1.44,0.75,0.85,1.04
MURTOSA,44.31,13.89,26.63,3.77,1.52,1.14,2.86
NAZARE,25.93,25.4,27.49,4.32,2.79,4.18,3.5
NELAS,37.15,23.49,25.61,2.91,1.47,1.39,2.35
NISA,28.52,32.74,24.09,1.42,1,5.49,1.33
NORDESTE,40.39,25.6,20.4,1.32,1.05,0.87,1.51
OBIDOS,33.04,21.82,24.61,5.78,1.72,2.22,3.74
ODEMIRA,22.21,24.88,29.58,2.83,2.35,8.53,2.88
ODIVELAS,25.77,25.52,24.42,6.84,2.01,3.08,5.75
OEIRAS,33.4,23.38,13.51,9.68,2.22,3.05,8.34
OLEIROS,52.79,19.02,14.98,2.46,0.72,0.55,1.03
OLHAO,22.17,20.36,37.45,3.23,2.6,2.5,3.23
OLIVEIRA DE AZEMEIS,38.87,24.21,20.21,5.46,1.58,0.76,2.82
OLIVEIRA DE FRADES,46.55,16.6,23.93,2.91,0.85,1.2,2.17
OLIVEIRA DO BAIRRO,48.17,11.55,25.06,5.56,0.97,0.58,1.75
OLIVEIRA DO HOSPITAL,41.18,26.04,18.61,2.37,1.15,1.45,2.3
OUREM,48.5,11.1,24.84,4.7,1.04,0.84,2.44
OURIQUE,33.93,30.96,20.21,1.25,1.25,5.76,0.99
OVAR,34.32,25.48,18.95,6,2.54,1.79,3.76
PACOS DE FERREIRA,38.63,20.55,24.06,4.83,1.41,1.56,2.33
PALMELA,21.14,21.21,30.3,5.99,2.64,5.68,6.07
PAMPILHOSA DA SERRA,42.01,29.02,17.28,1.1,0.52,0.89,1.36
PAREDES,39.16,20.03,24.07,4.21,1.43,1.31,2.35
PAREDES DE COURA,35.28,29.24,20.68,2.16,1.55,2.08,2.31
PEDROGAO GRANDE,47.64,20.43,19.1,2.44,1.17,0.44,1
PENACOVA,39.49,28.89,16.68,3.17,0.93,2.29,2.22
PENAFIEL,37.62,23.52,22.05,3.96,1.59,1.25,2.41
PENALVA DO CASTELO,45.15,25.44,17.99,1.84,1.05,0.96,1.79
PENAMACOR,32.09,28.87,25.64,1.2,1.45,1.49,1.32
PENEDONO,42.68,21.15,22.51,2.98,0.78,1.88,1.94
PENELA,41.72,24.69,17.64,3.08,2.04,0.79,2.65
PENICHE,26.91,21.2,30.32,5.1,2.15,3.47,3.55
PESO DA REGUA,40.74,26.56,22.41,2.07,0.91,1.73,1.5
PINHEL,46.2,22.01,18.87,2.08,1.12,1.18,1.01
POMBAL,43.79,14.91,22.35,5.23,1.59,0.99,2.67
PONTA DELGADA,34.45,20.36,25.9,4.83,2.5,0.91,3.39
PONTA DO SOL,50.73,12.21,19.73,1.87,0.77,0.63,1.16
PONTE DA BARCA,42.76,23.65,20.57,2.94,1.12,1.28,2.13
PONTE DE LIMA,47.05,15.46,22.97,4.15,1.23,1.55,2.08
PONTE DE SOR,21.5,29.09,30.2,2.57,1.53,7.36,1.84
PORTALEGRE,37.18,27.17,22.78,2.23,1.31,2.72,1.81
PORTEL,13.08,31.23,26.46,1.95,1.79,19.5,1.46
PORTIMAO,24.15,19.34,36.84,4.93,2.46,2.1,3.47
PORTO,35.12,23.68,14.14,8.06,2.92,3.36,7.24
PORTO DE MOS,37.63,17.39,26.06,5.9,1.61,1.14,3
PORTO MONIZ,43.09,37.59,9.99,0.81,0.54,1.03,0.7
PORTO SANTO,43.47,17.23,21.52,2.03,1.03,0.9,1.39
POVOA DE LANHOSO,38.36,26.27,22.57,4.09,0.93,0.81,1.81
POVOA DE VARZIM,40.59,16.96,24.54,5.9,1.55,1.41,3.36
POVOACAO,31.42,26.42,27.37,1.94,1.63,0.67,1.15
PROENCA-A-NOVA,46.6,23.6,16.57,2.59,0.97,0.76,1.36
REDONDO,24.48,27.67,25.2,2.97,1.82,9.95,2.1
REGUENGOS DE MONSARAZ,25.65,28.23,31.56,2.06,1.28,4.25,1.76
RESENDE,49.72,27.4,13.32,1.64,0.65,0.91,1.09
RIBEIRA BRAVA,48.78,9.6,21.96,1.99,0.85,0.98,1.06
RIBEIRA DE PENA,47.39,31.71,12.65,1.63,0.59,0.73,0.62
RIBEIRA GRANDE,33.28,19.37,31.68,3.24,2.08,0.82,2.21
RIO MAIOR,37.66,19.52,26.94,3.97,1.37,1.74,2.73
SABROSA,43.78,26.08,19.36,1.77,0.68,1.86,1.29
SABUGAL,36.61,24.46,26.62,2.04,1.12,0.96,1.1
SALVATERRA DE MAGOS,22.05,22.57,36.18,4,2.23,3.88,3.31
SANTA COMBA DAO,44.62,21.71,20.41,2.71,1.62,0.88,2.32
SANTA CRUZ,32.82,10.05,20.84,2.86,1.4,1.04,1.34
SANTA CRUZ DA GRACIOSA,42.52,31.65,13.07,1.32,1.2,0.48,1.02
SANTA CRUZ DAS FLORES,34.1,28.32,22,1.74,1.63,3.81,1.09
SANTA MARIA DA FEIRA,36.76,24.16,21.07,5.93,1.82,1.05,2.84
SANTA MARTA DE PENAGUIAO,41.5,32.37,17.53,1.7,0.8,0.96,0.99
SANTANA,50.67,11.77,18.38,1.56,0.96,1.06,1.24
SANTAREM,33.07,24.15,24.09,4.51,1.72,3.32,3.66
SANTIAGO DO CACEM,23.28,25.08,24.07,3.78,2.8,9.5,4.74
SANTO TIRSO,32.66,28.68,19.83,5.53,1.81,1.81,3.13
SAO BRAS DE ALPORTEL,30.2,21.61,28.84,4.3,2.38,2.2,3
SAO JOAO DA MADEIRA,32.86,30.34,17,6.65,1.89,1.7,3.8
SAO JOAO DA PESQUEIRA,42.18,18.35,24.92,2.77,1.01,0.87,1.42
SAO PEDRO DO SUL,39.5,24.87,21.97,3.1,1.37,1.59,1.83
SAO ROQUE DO PICO,41.36,26.04,15.65,2.47,1.88,0.78,3.12
SAO VICENTE,48.41,11.92,20.58,1.66,1.1,0.57,0.53
SARDOAL,34.28,26.79,23.21,2.45,1.64,2.58,2.8
SATAO,46.16,17.39,24.87,2.32,0.78,0.86,1.58
SEIA,36.29,29.8,19.98,2.14,1.38,2.36,1.71
SEIXAL,20.98,25.54,26.06,5.91,2.45,6.92,5.77
SERNANCELHE,61.43,13.41,16.91,1.23,0.26,0.54,0.77
SERPA,18.93,25.12,23.14,1.04,1.45,22.88,1.81
SERTA,46.27,20.18,20.06,2.62,1.12,0.92,1.56
SESIMBRA,21.39,22.29,31.01,5.7,2.46,5.03,5.4
SETUBAL,22.51,24.07,27.28,5.74,2.72,5.89,5.6
SEVER DO VOUGA,50.36,14.8,20.62,4.31,1.13,0.62,2.36
SILVES,22.25,18.91,37.57,4.12,2.28,4.99,2.9
SINES,22.32,22.42,26.85,4.2,3.75,7.46,5.34
SINTRA,24.78,23.81,26.07,6.48,2.49,3.14,5.99
SOBRAL DE MONTE AGRACO,25.5,20.65,26.19,6.45,1.74,6.69,5.31
SOURE,29.21,31.98,20.36,3.56,1.98,2.57,3.28
SOUSEL,28.1,26.19,32.46,1.32,1,5.59,0.92
TABUA,40.51,24.91,20.47,2.79,0.96,1.5,1.88
TABUACO,45.38,20.91,25.33,1.75,0.54,0.86,0.75
TAROUCA,42.27,19.33,26.32,2.01,1.45,1.83,1.27
TAVIRA,28.9,22.98,28.83,3.79,2.67,2.05,3.45
TERRAS DE BOURO,45.36,17.65,23.97,3.89,0.9,1.85,1.09
TOMAR,32.14,24.1,25.58,3.73,1.84,2.44,3.71
TONDELA,43.6,21.18,21.27,3.18,1.32,1.41,2.08
TORRE DE MONCORVO,45.17,26.9,19.31,1.04,0.5,1.17,0.89
TORRES NOVAS,27.73,26.46,25.35,3.85,2.89,3.82,3.67
TORRES VEDRAS,31.34,20.61,24.64,6.29,2.08,2.97,4.69
TRANCOSO,43.74,25.6,19.71,1.57,0.82,0.84,0.79
TROFA,37.2,20.93,25.31,4.99,1.19,1.24,2.88
VAGOS,48.85,9.7,26.36,5.38,1.16,0.48,2.31
VALE DE CAMBRA,45.59,18.56,19.52,5.35,1.35,0.7,2.33
VALENCA,35.41,20.38,32.7,2.66,1.22,1,1.29
VALONGO,29.25,24.62,24.4,5.91,2.2,2.53,4.23
VALPACOS,55.69,16.17,19.37,1.04,0.67,0.62,0.78
VELAS,46.8,21.05,15.08,1.83,1.03,4.93,1.74
VENDAS NOVAS,25.6,25.21,27.15,3.04,1.27,10.1,2.51
VIANA DO ALENTEJO,19.89,24.39,30.09,2.13,1.99,14.19,2.54
VIANA DO CASTELO,34.68,23.18,23.09,4.69,2.14,2.96,3.53
VIDIGUEIRA,17.82,29.6,29.68,1.83,1.76,12.84,1.66
VIEIRA DO MINHO,43.09,23.86,21.82,3.22,1.06,1.2,1.33
VILA DA PRAIA DA VITORIA,39.37,24.77,21.36,3.3,1.38,0.8,1.58
VILA DE REI,52.69,14.17,19.11,2.3,0.75,1.5,1.9
VILA DO BISPO,26.71,24.27,28.46,2.77,3.88,3.41,2.94
VILA DO CONDE,33.98,22.35,24.35,6.32,1.76,1.62,3.58
VILA DO PORTO,32.26,28.41,15.91,3.65,5.34,1.2,3.17
VILA FLOR,41.93,23.44,25.01,1.51,0.69,1.21,1.04
VILA FRANCA DE XIRA,21.32,25.5,25.7,6.28,2.34,5.73,6.11
VILA FRANCA DO CAMPO,32.95,21.34,33.12,2.47,1.73,0.69,1.56
VILA NOVA DA BARQUINHA,22.6,24.64,33.32,3.74,2,3.87,3.69
VILA NOVA DE CERVEIRA,33.63,24.15,29.13,2.98,1.75,0.94,2.08
VILA NOVA DE FAMALICAO,36.4,24.56,21.93,6.29,1.56,1.33,2.71
VILA NOVA DE FOZ COA,38.33,27.36,22.22,2.13,0.92,1.21,1.27
VILA NOVA DE GAIA,31.8,24.83,20.65,6.69,2.25,2.54,4.89
VILA NOVA DE PAIVA,54.64,16.72,20.25,2.77,0.43,1.33,0.9
VILA NOVA DE POIARES,37.61,23.03,22.08,3.51,1.45,2.26,2.68
VILA POUCA DE AGUIAR,44.36,26.44,18.47,1.93,1.03,1.28,0.83
VILA REAL,42.01,24.63,20.36,3,1.29,1.35,2.51
VILA REAL DE SANTO ANTONIO,20.52,22.74,38.57,2.52,2.27,4.63,2.44
VILA VELHA DE RODAO,26.41,37.33,23.09,1.52,1.75,2.7,1.97
VILA VERDE,40.71,16.18,27.6,5.93,1.33,0.95,2.13
VILA VICOSA,27.22,26.3,29.63,2.58,1.17,6.58,1.89
VIMIOSO,48.41,29.11,14.56,1.52,0.74,0.74,0.6
VINHAIS,44.49,29.1,16.59,1.41,0.9,0.9,0.61
VISEU,40.74,21.5,22.23,4.51,1.54,1.1,3.17
VIZELA,27.87,29.54,22.61,7.46,2.1,1.51,3.11
VOUZELA,44.24,22.45,22.12,2.38,0.92,0.96,1.89
