COD,CONC,ORG,A,B.E.,CDS-PP,CH,E,IL,JPP,L,MAS,MPT,NC,PAN,PCTP/MRPP,PDR,PPD/PSD,PPM,PS,PTP,R.I.R.,VP,PCP-PEV,[NC/A],IN-OV,VM,[MCCP],[AFE],[CPC],[MMMI],AP,MIPA,[SPCVB],[S-MI],[UTV],[MVR],[MC21],[MCPE],[CLIP],[MPNT],[MOVE],[MAiSines],MUB,R,FAP,#NAME?,Manteigas 2030,UPF,MMMF,MOV.PT,I-Góis,M51,JÁ!,U.C.,UCPT,CICC,jmfv,MFI,MCPE,JPNT,MLP,GCA,MP,CIC,,VA,PV,[ALTERNATIVAcom,,CICF,CPM,[MPT/PPM/A,UPM,MSU,CIMB
111000,OEIRAS,CM,,,1.89,3.9,,4.26,,,,,,3.12,,,16.52,,10.98,,,,5.52,,53.84,,,,,,,,,,,,,,,,,,,,,,,,,,,,,,,,,,,,,,,,,,,,,,,,,,
151100,SESIMBRA,CM,,5.6,2.95,9.8,,,,,,,,,,,7.85,,32.48,,,,36.01,,,,,,,,,,,,,,,,,,,,,,,,,,,,,,,,,,,,,,,,,,,,,,,,,,,5.32,
100600,CALDAS DA RAINHA,CM,,2.44,2.84,3.08,,,,,,,,,,,36,,11.53,,,,1.98,,,42.13,,,,,,,,,,,,,,,,,,,,,,,,,,,,,,,,,,,,,,,,,,,,,,,,,
141800,TOMAR,CM,,5,3.35,6.49,,,,,,,,,,,36.59,,41.92,,,1.29,5.36,,,,,,,,,,,,,,,,,,,,,,,,,,,,,,,,,,,,,,,,,,,,,,,,,,,,
100900,LEIRIA,CM,,2.55,4.49,6,,2.52,,0.7,,,,1.93,,,23.83,,55.24,,,,2.74,,,,,,,,,,,,,,,,,,,,,,,,,,,,,,,,,,,,,,,,,,,,,,,,,,,,
150800,PALMELA,CM,,4.47,2.78,8.18,,,,,,,1.57,,,,9.12,0.19,24.89,,0.89,,32.9,,,,15.02,,,,,,,,,,,,,,,,,,,,,,,,,,,,,,,,,,,,,,,,,,,,,,,,
81100,PORTIMAO,CM,,7.13,,10.62,,,,,,,,3.22,,,31.98,,41.72,,,,5.34,,,,,,,,,,,,,,,,,,,,,,,,,,,,,,,,,,,,,,,,,,,,,,,,,,,,
110100,ALENQUER,CM,,5.99,6.78,7.85,,,,,,,,,,,15.34,,44.71,,,,12.1,,,,,7.22,,,,,,,,,,,,,,,,,,,,,,,,,,,,,,,,,,,,,,,,,,,,,,,
151000,SEIXAL,CM,,4.5,1.52,8.38,,1.91,,,,,,2.86,,,9.66,,32.02,,,,39.15,,,,,,,,,,,,,,,,,,,,,,,,,,,,,,,,,,,,,,,,,,,,,,,,,,,,
50300,COVILHA,CM,,,,1.83,,,,,,,,,,,32.18,,48.88,,,,10.34,,,,,,,,,,,,,,,,,,,,,,,,,,,,,,,,,,,,,,,,,,,,,,,,,6.77,,,
70700,MORA,CM,,,,,,,,,,,,,,,4.26,,50.27,,,,45.47,,,,,,,,,,,,,,,,,,,,,,,,,,,,,,,,,,,,,,,,,,,,,,,,,,,,
490100,CORVO,CM,,,,,,,,,,,,,,,35.66,,61.03,,,,3.31,,,,,,,,,,,,,,,,,,,,,,,,,,,,,,,,,,,,,,,,,,,,,,,,,,,,
70600,MONTEMOR-O-NOVO,CM,,,,2.78,,,,,,,,,,,18.81,,41.53,,,,35.33,,,,,,,,,,,,,,,,,,,,,,,,,,,,,,,,,,,,,,,,,,,,,,,,,,,,
81300,SILVES,CM,,2.09,1.91,5.34,,1.4,,,,,,,,,24.29,,19.85,,,,45.13,,,,,,,,,,,,,,,,,,,,,,,,,,,,,,,,,,,,,,,,,,,,,,,,,,,,
130300,FELGUEIRAS,CM,,,1.93,2.03,,1.53,,,,,,,,,22.43,,70.15,,,,1.93,,,,,,,,,,,,,,,,,,,,,,,,,,,,,,,,,,,,,,,,,,,,,,,,,,,,
70400,ESTREMOZ,CM,,,,4.95,,,,,,,4.84,,,,34.22,,45.93,,,,7.93,,,,,,,,,,,,,,,,,,,,,,,,,,,,,,,,,,,,,,,,,,,,,,,,,,,,
131700,VILA NOVA DE GAIA,CM,,4.83,,4.4,,3.08,,0.48,,,,2.86,,,18.37,,60.43,,,,5.05,,,,,,,,,,,,,,,,,,,,,,,,,,,,,,,,,,,,,,,,,,,,,,,,,,,,
80700,LAGOS,CM,,,0.97,8.14,,,,,,,7.98,3.38,,,13.59,,56.34,,,,9.59,,,,,,,,,,,,,,,,,,,,,,,,,,,,,,,,,,,,,,,,,,,,,,,,,,,,
40900,TORRE DE MONCORVO,CM,,,,,,,,,,,1.82,,,,53.65,,43.38,,,,1.15,1.82,,,,,,,,,,,,,,,,,,,,,,,,,,,,,,,,,,,,,,,,,,,,,,,,,,,
131000,PAREDES,CM,,1.43,,1.72,,,,,,,2.78,,,,26.56,,65.06,,,,2.45,,,,,,,,,,,,,,,,,,,,,,,,,,,,,,,,,,,,,,,,,,,,,,,,,,,,
11500,OVAR,CM,,3.23,5.68,1.81,,,,,,,8,,,,60.14,,18.29,,,,2.84,,,,,,,,,,,,,,,,,,,,,,,,,,,,,,,,,,,,,,,,,,,,,,,,,,,,
131400,SANTO TIRSO,CM,,6.4,,4.7,,,,,,,1.67,,,,19.7,,63.85,,,,3.67,,,,,,,,,,,,,,,,,,,,,,,,,,,,,,,,,,,,,,,,,,,,,,,,,,,,
110500,CASCAIS,CM,,3.78,,7.67,,4.49,,,,,1.9,,,,54.27,,22.33,,,,5.57,,,,,,,,,,,,,,,,,,,,,,,,,,,,,,,,,,,,,,,,,,,,,,,,,,,,
151200,SETUBAL,CM,,4.39,1.76,6.08,,2.41,,,,,0.76,2.33,,,17.28,,28.71,,,,35.74,,,,,,,,,,,,,,,,,,,,,,,,,,,,,,,,,,,,,,,,,,,,,,,,,,,,
20900,MERTOLA,CM,,,,1.24,,,,,,,9.25,,,,,,59.6,,,,27.43,,,,,,,,,,,,,,,,,,,,,,,,,,,,,,,,,,,,,,,,,,,,,,,,,,,,
70500,EVORA,CM,,3.94,,7.05,,,,,,,13.25,,,,19.82,,27.35,,,,28.59,,,,,,,,,,,,,,,,,,,,,,,,,,,,,,,,,,,,,,,,,,,,,,,,,,,,
310800,SANTA CRUZ,CM,,,,2.33,,1.07,,,,,,,,,28.74,,63.34,1.72,0.45,,1.69,,,,,,,,,,,,,,,,,,,,,,,,,,,,,,,,,,,,,,,,,,,,,,,,,,,,
101200,OBIDOS,CM,,3.09,0.83,4.81,,,,,,,,,,,47.26,,38.29,,,,4.42,,,,,,,,,,,,,,,,,,,,,,,,,,,,,,,,,,,,,,,,,,,,,,,,,,,,
60300,COIMBRA,CM,,,,2.39,,1.73,,,,,,1.51,,,45.75,,34.02,,,,7.83,,,,,,6.55,,,,,,,,,,,,,,,,,,,,,,,,,,,,,,,,,,,,,,,,,,,,,,
310200,CAMARA DE LOBOS,CM,,,7.73,4.4,,,3.03,,,,,,,,62.24,,17.95,1.19,0.49,,2.38,,,,,,,,,,,,,,,,,,,,,,,,,,,,,,,,,,,,,,,,,,,,,,,,,,,,
160200,CAMINHA,CM,,3.54,,,,,,,,,,,,,43.06,,48.72,,,,4.67,,,,,,,,,,,,,,,,,,,,,,,,,,,,,,,,,,,,,,,,,,,,,,,,,,,,
111100,SINTRA,CM,,6.08,,9.51,,2.81,,,,,3.11,3.4,,,28.78,,36.88,,,,9.43,,,,,,,,,,,,,,,,,,,,,,,,,,,,,,,,,,,,,,,,,,,,,,,,,,,,
111600,ODIVELAS,CM,,4.95,,9.11,,3.19,,,,,,3.35,,,21.1,,46.97,,,,11.33,,,,,,,,,,,,,,,,,,,,,,,,,,,,,,,,,,,,,,,,,,,,,,,,,,,,
111500,AMADORA,CM,,5.55,,5.69,,2.9,,,0.38,,,3.22,,,25.57,,45.7,,,,10.35,,,,,,,,,,,,,,,,,,,,,,,,,,,,,,,,,,,,,,,,,,,,,,,,,,,,
150300,ALMADA,CM,,7.02,,5.81,,2.03,,,,,,2.38,,,11.03,,41.09,,,,30.64,,,,,,,,,,,,,,,,,,,,,,,,,,,,,,,,,,,,,,,,,,,,,,,,,,,,
110600,LISBOA,CM,,6.4,,4.56,0.14,4.34,,,,,0.21,2.82,,0.14,35.35,,34.38,,,0.43,10.86,,,,,,,,,,,,,,,,,,,,,,,,,,,,,,,,,,,,,,,,,,,,,,,,,,,,
20300,ALVITO,CM,,,,,,,,,,,,,,,12.3,,51.89,,,,35.8,,,,,,,,,,,,,,,,,,,,,,,,,,,,,,,,,,,,,,,,,,,,,,,,,,,,
21000,MOURA,CM,,,,14.73,,,,,,,,,,,3.86,,41.4,,,,40.01,,,,,,,,,,,,,,,,,,,,,,,,,,,,,,,,,,,,,,,,,,,,,,,,,,,,
150700,MONTIJO,CM,,4.32,,6.79,,4.55,,,,,,3.31,,,28.95,1.05,30.79,,,,20.25,,,,,,,,,,,,,,,,,,,,,,,,,,,,,,,,,,,,,,,,,,,,,,,,,,,,
171400,VILA REAL,CM,,2.79,,4.34,,,,,,,,,,,29.86,,60.81,,,,2.2,,,,,,,,,,,,,,,,,,,,,,,,,,,,,,,,,,,,,,,,,,,,,,,,,,,,
20500,BEJA,CM,,1.73,,5.57,,,,,,,,,,,18.98,,40.08,,,,33.64,,,,,,,,,,,,,,,,,,,,,,,,,,,,,,,,,,,,,,,,,,,,,,,,,,,,
11100,MEALHADA,CM,,3.24,,1.65,,,,,,,,,,,20.1,,30.93,,,,4.47,,,,,,,39.6,,,,,,,,,,,,,,,,,,,,,,,,,,,,,,,,,,,,,,,,,,,,,
80500,FARO,CM,,4.19,,5.31,,,,,,,,2.75,,,49.4,,31.64,,,,6.71,,,,,,,,,,,,,,,,,,,,,,,,,,,,,,,,,,,,,,,,,,,,,,,,,,,,
11600,SAO JOAO DA MADEIRA,CM,,4.02,,2.94,,,,,,,1.09,,,,33.45,,53.72,,,,4.77,,,,,,,,,,,,,,,,,,,,,,,,,,,,,,,,,,,,,,,,,,,,,,,,,,,,
140200,ALCANENA,CM,,,,3.61,,,,,,,,,,,48.39,,40.97,,,,7.02,,,,,,,,,,,,,,,,,,,,,,,,,,,,,,,,,,,,,,,,,,,,,,,,,,,,
150600,MOITA,CM,,7.82,,9.28,,,,,,,,2.84,,,6.84,,38.95,,,,34.27,,,,,,,,,,,,,,,,,,,,,,,,,,,,,,,,,,,,,,,,,,,,,,,,,,,,
150100,ALCACER DO SAL,CM,,,,2.39,,,,,,,,,,,2.85,,45.27,,,,49.49,,,,,,,,,,,,,,,,,,,,,,,,,,,,,,,,,,,,,,,,,,,,,,,,,,,,
71300,VIANA DO ALENTEJO,CM,,,,,,,,,,,,,,,26.82,,34.02,,,,39.16,,,,,,,,,,,,,,,,,,,,,,,,,,,,,,,,,,,,,,,,,,,,,,,,,,,,
71400,VILA VICOSA,CM,,,,,,,,,,,,,,,53.13,,27.6,,,,19.28,,,,,,,,,,,,,,,,,,,,,,,,,,,,,,,,,,,,,,,,,,,,,,,,,,,,
80100,ALBUFEIRA,CM,,2.17,,5.95,,,,,,,,1.96,,,33.09,,26.51,,,,2.99,,,,,,,,10.81,16.51,,,,,,,,,,,,,,,,,,,,,,,,,,,,,,,,,,,,,,,,,,,
80800,LOULE,CM,,3.46,,9.07,,,,,,,,2.63,,,23.17,,57.94,,,,3.73,,,,,,,,,,,,,,,,,,,,,,,,,,,,,,,,,,,,,,,,,,,,,,,,,,,,
81500,VILA DO BISPO,CM,,,,2.88,,,,,,,,,,,24.86,,34.33,,,,4.89,,,,,,,,,,33.03,,,,,,,,,,,,,,,,,,,,,,,,,,,,,,,,,,,,,,,,,,
110300,AZAMBUJA,CM,,4.89,,10.63,,,,,,,,,,,27.28,,42.22,,,,14.98,,,,,,,,,,,,,,,,,,,,,,,,,,,,,,,,,,,,,,,,,,,,,,,,,,,,
111400,VILA FRANCA DE XIRA,CM,,6.33,,9.01,,,,,,,,4.09,,,15.59,,41.94,,,,23.05,,,,,,,,,,,,,,,,,,,,,,,,,,,,,,,,,,,,,,,,,,,,,,,,,,,,
20100,ALJUSTREL,CM,,,,1.56,,,,,,,,,,,2.76,,48.68,,,,47,,,,,,,,,,,,,,,,,,,,,,,,,,,,,,,,,,,,,,,,,,,,,,,,,,,,
30300,BRAGA,CM,,4.39,,4.87,,3.06,,0.63,,,,2.86,,,44.98,,32.16,,,,7.04,,,,,,,,,,,,,,,,,,,,,,,,,,,,,,,,,,,,,,,,,,,,,,,,,,,,
10400,AROUCA,CM,,,,1.52,0.99,,,,,,,,,,42.32,,52.25,,,,2.92,,,,,,,,,,,,,,,,,,,,,,,,,,,,,,,,,,,,,,,,,,,,,,,,,,,,
20700,CUBA,CM,,,,,,,,,,,,,,,2.25,,39.02,,,,58.73,,,,,,,,,,,,,,,,,,,,,,,,,,,,,,,,,,,,,,,,,,,,,,,,,,,,
50200,CASTELO BRANCO,CM,,1.74,,7.53,,,,,,6.13,,,,,11.96,,37.44,,,,2.27,,,,,,,,,,,32.93,,,,,,,,,,,,,,,,,,,,,,,,,,,,,,,,,,,,,,,,,
111300,TORRES VEDRAS,CM,5.4,2.24,,4.3,,,,,,,,,,,19.05,,41.69,,,,4.87,,,,,,,,,,,,22.45,,,,,,,,,,,,,,,,,,,,,,,,,,,,,,,,,,,,,,,,
180400,CINFAES,CM,,,,,,,,,,,,,,,33.98,,64.14,,,,1.88,,,,,,,,,,,,,,,,,,,,,,,,,,,,,,,,,,,,,,,,,,,,,,,,,,,,
420100,LAGOA (R.A.A),CM,,2.33,,2.29,,,,,,,,,,,30.12,,64.64,,,,0.63,,,,,,,,,,,,,,,,,,,,,,,,,,,,,,,,,,,,,,,,,,,,,,,,,,,,
430100,ANGRA DO HEROISMO,CM,,2.74,,1.88,,,,,,,,,,,39.26,,54.96,,,,1.15,,,,,,,,,,,,,,,,,,,,,,,,,,,,,,,,,,,,,,,,,,,,,,,,,,,,
440100,SANTA CRUZ DA GRACIOSA,CM,,,,,,,,,,,,,,,59.69,,40.31,,,,,,,,,,,,,,,,,,,,,,,,,,,,,,,,,,,,,,,,,,,,,,,,,,,,,,,,
460100,LAJES DO PICO,CM,,,,,,,,,,,,,,,39.47,,57.44,,,,3.09,,,,,,,,,,,,,,,,,,,,,,,,,,,,,,,,,,,,,,,,,,,,,,,,,,,,
470100,HORTA,CM,,2.04,,,,,,,,,,,,,48.96,,42.41,,,,5.09,,,,,,,,,,,,,,,,,,,,,,,,,,,,,,,,,,,,,,,,,,,,,,,,,,,,
480100,LAJES DAS FLORES,CM,,,,,,,,,,,,,,,49.05,,50.95,,,,,,,,,,,,,,,,,,,,,,,,,,,,,,,,,,,,,,,,,,,,,,,,,,,,,,,,
10500,AVEIRO,CM,,6.76,,4.27,,2.44,,,,,1.1,,0.26,,54.15,,27.46,,,,3.56,,,,,,,,,,,,,,,,,,,,,,,,,,,,,,,,,,,,,,,,,,,,,,,,,,,,
10800,ESTARREJA,CM,,,,3.93,,,,,,,,,,,55.09,,35.23,,,,5.75,,,,,,,,,,,,,,,,,,,,,,,,,,,,,,,,,,,,,,,,,,,,,,,,,,,,
11300,OLIVEIRA DE AZEMEIS,CM,,2.77,,3.27,,,,,,,,,,,34.98,,57.42,,,,1.56,,,,,,,,,,,,,,,,,,,,,,,,,,,,,,,,,,,,,,,,,,,,,,,,,,,,
20400,BARRANCOS,CM,,,,,,,,,,,,,,,16.01,,35.95,,,,48.04,,,,,,,,,,,,,,,,,,,,,,,,,,,,,,,,,,,,,,,,,,,,,,,,,,,,
20800,FERREIRA DO ALENTEJO,CM,,8.89,,8.8,,,,,,,,,,,3.71,,48.27,,,,30.32,,,,,,,,,,,,,,,,,,,,,,,,,,,,,,,,,,,,,,,,,,,,,,,,,,,,
21100,ODEMIRA,CM,,6.95,,3.76,,4.72,,,,,,,,,6.65,,49.09,,,,28.83,,,,,,,,,,,,,,,,,,,,,,,,,,,,,,,,,,,,,,,,,,,,,,,,,,,,
21300,SERPA,CM,,2.5,,15.62,,,,,,,,,,,4.7,,32.31,,,,44.88,,,,,,,,,,,,,,,,,,,,,,,,,,,,,,,,,,,,,,,,,,,,,,,,,,,,
30100,AMARES,CM,,,,8.51,,,,,,,,,,,54.63,,33.97,,,,2.89,,,,,,,,,,,,,,,,,,,,,,,,,,,,,,,,,,,,,,,,,,,,,,,,,,,,
30200,BARCELOS,CM,,2.38,,3.92,,,,,0.72,,,,,,47.59,,38.96,,,,1.75,,,,,,,,,,,,,,,,,,,,,,,,,,,,,,,,,,,,,,,,,,,,,,,,,,,,
30400,CABECEIRAS DE BASTO,CM,,,,0.8,,,,,,,,,,,55.26,,43.18,,,,0.76,,,,,,,,,,,,,,,,,,,,,,,,,,,,,,,,,,,,,,,,,,,,,,,,,,,,
30800,GUIMARAES,CM,,2.57,,3.39,,1.85,,,,,,1.31,,,35.39,,49.76,,,,5.73,,,,,,,,,,,,,,,,,,,,,,,,,,,,,,,,,,,,,,,,,,,,,,,,,,,,
31200,VILA NOVA DE FAMALICAO,CM,,1.96,,2.96,,2.42,,,,,,1.67,,,55.02,,33.45,,,,2.53,,,,,,,,,,,,,,,,,,,,,,,,,,,,,,,,,,,,,,,,,,,,,,,,,,,,
31400,VIZELA,CM,,1.7,,1.86,,,,,,,,,,,18.32,,76.37,,,,1.75,,,,,,,,,,,,,,,,,,,,,,,,,,,,,,,,,,,,,,,,,,,,,,,,,,,,
40100,ALFANDEGA DA FE,CM,,,,,,,,,,,,,,,44.78,,53.94,,,,1.28,,,,,,,,,,,,,,,,,,,,,,,,,,,,,,,,,,,,,,,,,,,,,,,,,,,,
40500,MACEDO DE CAVALEIROS,CM,,,,1.25,,,,,,,,,,,41.55,,50.21,,,,1.08,,,,,,,,,,,,,,,,,,,,,,,,,,,,,,,,,,,,,,,,,,,,,,,,,,5.91,,
40600,MIRANDA DO DOURO,CM,,,,0.52,,,,,,,,,,,56.02,,42.54,,,,0.91,,,,,,,,,,,,,,,,,,,,,,,,,,,,,,,,,,,,,,,,,,,,,,,,,,,,
41000,VILA FLOR,CM,,1.78,,,,,,,,,,,,,55.55,,41.82,,,,0.85,,,,,,,,,,,,,,,,,,,,,,,,,,,,,,,,,,,,,,,,,,,,,,,,,,,,
41200,VINHAIS,CM,,,,1.55,,,,,,,,,,,45.81,,52.08,,,,0.56,,,,,,,,,,,,,,,,,,,,,,,,,,,,,,,,,,,,,,,,,,,,,,,,,,,,
50800,PROENCA-A-NOVA,CM,,,,,,,,,,,,,,,28.92,,68.57,,,,2.51,,,,,,,,,,,,,,,,,,,,,,,,,,,,,,,,,,,,,,,,,,,,,,,,,,,,
51100,VILA VELHA DE RODAO,CM,,,,,,,,,,,,,,,18.57,,76.74,,,,4.68,,,,,,,,,,,,,,,,,,,,,,,,,,,,,,,,,,,,,,,,,,,,,,,,,,,,
60700,LOUSA,CM,,5.07,,2.8,,,,,,,,,,,33.64,,55.58,,,,2.91,,,,,,,,,,,,,,,,,,,,,,,,,,,,,,,,,,,,,,,,,,,,,,,,,,,,
61000,MONTEMOR-O-VELHO,CM,,2.63,,3.37,,,,,,,,,,,33.84,,52.79,,,,7.37,,,,,,,,,,,,,,,,,,,,,,,,,,,,,,,,,,,,,,,,,,,,,,,,,,,,
61100,OLIVEIRA DO HOSPITAL,CM,,,,3.81,,,,,,,,,,,35.16,,58.34,,,,2.69,,,,,,,,,,,,,,,,,,,,,,,,,,,,,,,,,,,,,,,,,,,,,,,,,,,,
61600,TABUA,CM,,,,,,,,,,,,,,,43.71,,54.32,,,,1.97,,,,,,,,,,,,,,,,,,,,,,,,,,,,,,,,,,,,,,,,,,,,,,,,,,,,
70100,ALANDROAL,CM,,,,,,,,,,,20.48,,,,7.46,,58.8,,,,13.25,,,,,,,,,,,,,,,,,,,,,,,,,,,,,,,,,,,,,,,,,,,,,,,,,,,,
70200,ARRAIOLOS,CM,,,,,,,,,,,,,,,9.95,,27.7,,,,62.35,,,,,,,,,,,,,,,,,,,,,,,,,,,,,,,,,,,,,,,,,,,,,,,,,,,,
70800,MOURAO,CM,,,,5.1,,,,,,,,,,,48.59,,37.93,,,,8.37,,,,,,,,,,,,,,,,,,,,,,,,,,,,,,,,,,,,,,,,,,,,,,,,,,,,
71000,REDONDO,CM,,,,2.27,,,,,,,,,,,44.96,,27.97,,,,14.28,,,,,,,,,,,,,10.51,,,,,,,,,,,,,,,,,,,,,,,,,,,,,,,,,,,,,,,
71200,VENDAS NOVAS,CM,,,,3.19,,,,,,,,,,,35.44,,42.47,,,,18.89,,,,,,,,,,,,,,,,,,,,,,,,,,,,,,,,,,,,,,,,,,,,,,,,,,,,
90500,FORNOS DE ALGODRES,CM,,,,,,,,,,,,,,,35.71,,62.9,,,,1.39,,,,,,,,,,,,,,,,,,,,,,,,,,,,,,,,,,,,,,,,,,,,,,,,,,,,
90900,MEDA,CM,,,,,,,,,,,,,,,52.28,,46.53,,,,1.19,,,,,,,,,,,,,,,,,,,,,,,,,,,,,,,,,,,,,,,,,,,,,,,,,,,,
91300,TRANCOSO,CM,,,,,,,,,,,,,,,34.75,,63.38,,,,1.87,,,,,,,,,,,,,,,,,,,,,,,,,,,,,,,,,,,,,,,,,,,,,,,,,,,,
100700,CASTANHEIRA DE PERA,CM,,,,,,,,,,,,,,,38.69,,41.46,,,,0.89,,,,,,,,,,,,,,18.96,,,,,,,,,,,,,,,,,,,,,,,,,,,,,,,,,,,,,,
110200,ARRUDA DOS VINHOS,CM,,,,4.87,,,,,,,,,,,22.5,,67.14,,,,5.5,,,,,,,,,,,,,,,,,,,,,,,,,,,,,,,,,,,,,,,,,,,,,,,,,,,,
110800,LOURINHA,CM,,,,11.23,,,,,,,,,,,36.29,,47.82,,,,4.66,,,,,,,,,,,,,,,,,,,,,,,,,,,,,,,,,,,,,,,,,,,,,,,,,,,,
111200,SOBRAL DE MONTE AGRACO,CM,,,,,,,,,,,,,,,25.36,,29.33,,,,45.31,,,,,,,,,,,,,,,,,,,,,,,,,,,,,,,,,,,,,,,,,,,,,,,,,,,,
120100,ALTER DO CHAO,CM,,3.11,,3.37,,,,,,,,,,,45.1,,41.04,,,,7.38,,,,,,,,,,,,,,,,,,,,,,,,,,,,,,,,,,,,,,,,,,,,,,,,,,,,
120700,ELVAS,CM,,,,10.12,,,,,,,,,,,14.37,,32.32,,,,3.98,,,,,,,,,,,,,,,,,,,,,,,,,,,,,,,,,,,,39.21,,,,,,,,,,,,,,,,
121000,MARVAO,CM,,,,2.06,,,,,,,,,,,49.6,,45.74,,,,2.61,,,,,,,,,,,,,,,,,,,,,,,,,,,,,,,,,,,,,,,,,,,,,,,,,,,,
121300,PONTE DE SOR,CM,,3.6,,7.56,,,,,,,,,,,6.59,,67.21,,,,15.04,,,,,,,,,,,,,,,,,,,,,,,,,,,,,,,,,,,,,,,,,,,,,,,,,,,,
121400,PORTALEGRE,CM,,0.42,,1.99,,,,,,,,,,,39.26,,25.93,,,,6.71,,,,,,,,,,,,,,,,25.7,,,,,,,,,,,,,,,,,,,,,,,,,,,,,,,,,,,,
130200,BAIAO,CM,,,,2.66,,,,,,,,,,,33.41,,62.69,,,,1.23,,,,,,,,,,,,,,,,,,,,,,,,,,,,,,,,,,,,,,,,,,,,,,,,,,,,
130400,GONDOMAR,CM,,6.09,,4.22,,2.88,,,,,,3.04,,,22.77,,49.61,,,,11.39,,,,,,,,,,,,,,,,,,,,,,,,,,,,,,,,,,,,,,,,,,,,,,,,,,,,
130500,LOUSADA,CM,,1.54,,1.56,,,,,,,,,,,34.82,,60.25,,0.65,,1.18,,,,,,,,,,,,,,,,,,,,,,,,,,,,,,,,,,,,,,,,,,,,,,,,,,,,
130600,MAIA,CM,,5.49,,4.09,,3.89,,,,,,3.98,,,42.94,0.22,34.28,,,,5.12,,,,,,,,,,,,,,,,,,,,,,,,,,,,,,,,,,,,,,,,,,,,,,,,,,,,
130700,MARCO DE CANAVESES,CM,,1.32,,1.49,,,,,,,,,,,35.08,,60.55,,,,1.57,,,,,,,,,,,,,,,,,,,,,,,,,,,,,,,,,,,,,,,,,,,,,,,,,,,,
130800,MATOSINHOS,CM,,5.95,,4,,4.93,,,,,,2.85,,,18.14,,56.25,,,,6.91,,,,,,,,,,,,,,,,,,,,,,,,,,,,,,,,,,,,,,,,,,,,,,,,,,,,
131500,VALONGO,CM,,5.13,,4.46,,,,,,,2.9,3.16,,,25.65,,53.28,,,,5.43,,,,,,,,,,,,,,,,,,,,,,,,,,,,,,,,,,,,,,,,,,,,,,,,,,,,
131800,TROFA,CM,,,,2.53,,,,,,,,2.8,,,58.75,,33.53,,,,2.39,,,,,,,,,,,,,,,,,,,,,,,,,,,,,,,,,,,,,,,,,,,,,,,,,,,,
140300,ALMEIRIM,CM,,,,8.25,,,,,,,,,,,9.35,,71.27,,,,11.12,,,,,,,,,,,,,,,,,,,,,,,,,,,,,,,,,,,,,,,,,,,,,,,,,,,,
140700,CHAMUSCA,CM,,,,10.08,,,,,,,,,,,20.11,,46.25,,,,23.55,,,,,,,,,,,,,,,,,,,,,,,,,,,,,,,,,,,,,,,,,,,,,,,,,,,,
141400,RIO MAIOR,CM,,1.5,,4.22,,,,,,,,,,,59.09,,29.89,,,,5.3,,,,,,,,,,,,,,,,,,,,,,,,,,,,,,,,,,,,,,,,,,,,,,,,,,,,
141500,SALVATERRA DE MAGOS,CM,,13.94,,14.11,,,,,,,,,,,9.86,,52.64,,,,9.44,,,,,,,,,,,,,,,,,,,,,,,,,,,,,,,,,,,,,,,,,,,,,,,,,,,,
141900,TORRES NOVAS,CM,,7.16,,3.24,,1.32,,,,,,,,,17.6,,47.13,,,,6.28,,,,,,,,,,,,,,,,,17.27,,,,,,,,,,,,,,,,,,,,,,,,,,,,,,,,,,,
142100,OUREM,CM,,,,5.17,,,,,,,,,,,66.44,,19.77,,,,2.31,,,,,,,,,,,,,,,,,,6.31,,,,,,,,,,,,,,,,,,,,,,,,,,,,,,,,,,
150500,GRANDOLA,CM,,,,2.91,,,,,,,,,,,7.34,,43.52,,,,46.23,,,,,,,,,,,,,,,,,,,,,,,,,,,,,,,,,,,,,,,,,,,,,,,,,,,,
150900,SANTIAGO DO CACEM,CM,,5.33,,5.18,,,,,,,,,,,15.96,,28.29,,,,45.24,,,,,,,,,,,,,,,,,,,,,,,,,,,,,,,,,,,,,,,,,,,,,,,,,,,,
151300,SINES,CM,,,,3.56,,,,,,,,,,,3.42,,51.5,,,,14.68,,,,,,,,,,,,,,,,,,,26.84,,,,,,,,,,,,,,,,,,,,,,,,,,,,,,,,,
160500,PAREDES DE COURA,CM,,,,,,,,,,,,,,,22,,69.47,,,,8.53,,,,,,,,,,,,,,,,,,,,,,,,,,,,,,,,,,,,,,,,,,,,,,,,,,,,
160900,VIANA DO CASTELO,CM,4.07,4.81,,3.66,,1.9,,,,,1.07,,,,26.07,,47.76,,,,10.64,,,,,,,,,,,,,,,,,,,,,,,,,,,,,,,,,,,,,,,,,,,,,,,,,,,,
170100,ALIJO,CM,,,,2.03,,,,,,,,,,,63.45,,32.65,,,,1.87,,,,,,,,,,,,,,,,,,,,,,,,,,,,,,,,,,,,,,,,,,,,,,,,,,,,
170300,CHAVES,CM,,,,2.17,,,,,,,,,,,37.8,,56.67,,,,3.36,,,,,,,,,,,,,,,,,,,,,,,,,,,,,,,,,,,,,,,,,,,,,,,,,,,,
170400,MESAO FRIO,CM,,,,,,,,,,,,,,,14.66,,50.4,,,,1.2,,,,,,,,,,,,,,,,,,,,,,,,,,33.73,,,,,,,,,,,,,,,,,,,,,,,,,,
170600,MONTALEGRE,CM,,,,,,,,,,,,,,,44.28,,53.72,,,,2,,,,,,,,,,,,,,,,,,,,,,,,,,,,,,,,,,,,,,,,,,,,,,,,,,,,
170900,RIBEIRA DE PENA,CM,,,,1.06,,,,,,,,,,,42.02,,56.44,,,,0.48,,,,,,,,,,,,,,,,,,,,,,,,,,,,,,,,,,,,,,,,,,,,,,,,,,,,
171100,SANTA MARTA DE PENAGUIAO,CM,,,,,,,,,,,,,,,37.15,,60.55,,,,2.31,,,,,,,,,,,,,,,,,,,,,,,,,,,,,,,,,,,,,,,,,,,,,,,,,,,,
180100,ARMAMAR,CM,,,,,,,,,,,,,,,60.03,,31.31,,,,8.66,,,,,,,,,,,,,,,,,,,,,,,,,,,,,,,,,,,,,,,,,,,,,,,,,,,,
180300,CASTRO DAIRE,CM,,,,4.2,,,,,,,,,,,64.14,,29.56,,,,2.09,,,,,,,,,,,,,,,,,,,,,,,,,,,,,,,,,,,,,,,,,,,,,,,,,,,,
180500,LAMEGO,CM,,,,4.29,,,,,,,,,,,47.27,,45.83,,,,2.6,,,,,,,,,,,,,,,,,,,,,,,,,,,,,,,,,,,,,,,,,,,,,,,,,,,,
180600,MANGUALDE,CM,,,,12.05,,,,,,,,,,,27.17,,58.07,,,,2.71,,,,,,,,,,,,,,,,,,,,,,,,,,,,,,,,,,,,,,,,,,,,,,,,,,,,
180700,MOIMENTA DA BEIRA,CM,,,,2.35,,,,,,,,,,,39.44,,56.91,,,,1.29,,,,,,,,,,,,,,,,,,,,,,,,,,,,,,,,,,,,,,,,,,,,,,,,,,,,
180900,NELAS,CM,,,,,,,,,,,,,,,54.94,,41.46,,,,3.61,,,,,,,,,,,,,,,,,,,,,,,,,,,,,,,,,,,,,,,,,,,,,,,,,,,,
181000,OLIVEIRA DE FRADES,CM,,,,,,,,,,,42.9,,,,47.11,,6.79,,,,3.2,,,,,,,,,,,,,,,,,,,,,,,,,,,,,,,,,,,,,,,,,,,,,,,,,,,,
181100,PENALVA DO CASTELO,CM,,,,,,,,,,,,,,,38.91,,59.43,,,,1.66,,,,,,,,,,,,,,,,,,,,,,,,,,,,,,,,,,,,,,,,,,,,,,,,,,,,
181400,SANTA COMBA DAO,CM,,,,,,,,,,,,,,,41.57,,55.52,,,,2.91,,,,,,,,,,,,,,,,,,,,,,,,,,,,,,,,,,,,,,,,,,,,,,,,,,,,
181500,SAO JOAO DA PESQUEIRA,CM,,,,,,,,,,,,,,,36.89,,61.26,,,,1.85,,,,,,,,,,,,,,,,,,,,,,,,,,,,,,,,,,,,,,,,,,,,,,,,,,,,
181900,TABUACO,CM,,,,4.72,,,,,,,,,,,74.49,,19.83,,,,0.96,,,,,,,,,,,,,,,,,,,,,,,,,,,,,,,,,,,,,,,,,,,,,,,,,,,,
310400,MACHICO,CM,,,,2.11,,1.7,4.45,,,,,,,,36.77,,53.54,0.61,,,0.81,,,,,,,,,,,,,,,,,,,,,,,,,,,,,,,,,,,,,,,,,,,,,,,,,,,,
310500,PONTA DO SOL,CM,,,,,,1.15,3.34,,,,,,,,38.58,,55.19,0.69,0.19,,0.87,,,,,,,,,,,,,,,,,,,,,,,,,,,,,,,,,,,,,,,,,,,,,,,,,,,,
310600,PORTO MONIZ,CM,,,,,,,,,,,,,,,42.79,,56.03,,,,1.17,,,,,,,,,,,,,,,,,,,,,,,,,,,,,,,,,,,,,,,,,,,,,,,,,,,,
311000,SAO VICENTE,CM,,,,,,12.94,,,,,,,,,73.59,,9.7,1.98,0.75,,1.04,,,,,,,,,,,,,,,,,,,,,,,,,,,,,,,,,,,,,,,,,,,,,,,,,,,,
320100,PORTO SANTO,CM,,,,,,,,,,,,,,,52.19,0.74,46.45,,,,0.62,,,,,,,,,,,,,,,,,,,,,,,,,,,,,,,,,,,,,,,,,,,,,,,,,,,,
430200,VILA DA PRAIA DA VITORIA,CM,,0.86,,1.37,,,,,,,,,,,45.39,,41.85,,,,0.7,,,,,,,,,,,,,,,,,,,,,,,,,,,,,,,,,,,,,,,,,,,,9.83,,,,,,,,
131100,PENAFIEL,CM,,1.71,,2.23,,,,,,,,,,,62.25,,31.82,,,,1.99,,,,,,,,,,,,,,,,,,,,,,,,,,,,,,,,,,,,,,,,,,,,,,,,,,,,
310300,FUNCHAL,CM,,,,2.65,,1.29,1.74,0.45,,,,,,,48.34,0.46,40.93,1.14,,,2.98,,,,,,,,,,,,,,,,,,,,,,,,,,,,,,,,,,,,,,,,,,,,,,,,,,,,
81000,OLHAO,CM,,5.42,2.26,7.94,,,,,,,,3.42,,,22.49,,51.31,,,,7.16,,,,,,,,,,,,,,,,,,,,,,,,,,,,,,,,,,,,,,,,,,,,,,,,,,,,
10100,AGUEDA,CM,,2.08,13.77,3.95,,,,,,,,,,,47.26,,31.16,,,,1.78,,,,,,,,,,,,,,,,,,,,,,,,,,,,,,,,,,,,,,,,,,,,,,,,,,,,
140400,ALPIARCA,CM,,,,3.15,,,,,,,,,,,9.71,,45.13,,,,42.01,,,,,,,,,,,,,,,,,,,,,,,,,,,,,,,,,,,,,,,,,,,,,,,,,,,,
480200,SANTA CRUZ DAS FLORES,CM,,,,,,,,,,,,,,,36.15,,63.85,,,,,,,,,,,,,,,,,,,,,,,,,,,,,,,,,,,,,,,,,,,,,,,,,,,,,,,,
60900,MIRANDA DO CORVO,CM,,2.13,1.28,1.86,,,,,,,,,,,42.27,,47.09,,,,5.37,,,,,,,,,,,,,,,,,,,,,,,,,,,,,,,,,,,,,,,,,,,,,,,,,,,,
10200,ALBERGARIA-A-VELHA,CM,,1.4,62.47,1.96,,,,,,,,,,,25.38,,7.13,,,,1.65,,,,,,,,,,,,,,,,,,,,,,,,,,,,,,,,,,,,,,,,,,,,,,,,,,,,
10300,ANADIA,CM,,,,2.54,,1.8,,,,,,,,,28.53,,61.56,,,,5.58,,,,,,,,,,,,,,,,,,,,,,,,,,,,,,,,,,,,,,,,,,,,,,,,,,,,
10600,CASTELO DE PAIVA,CM,,,0.4,,,,,,,,,,,,55.66,,32.13,,,,0.87,,,,,,,,,,,,,,,,,,,,,,,,,,,,,,,,10.94,,,,,,,,,,,,,,,,,,,,
10700,ESPINHO,CM,,3.89,2.26,2.6,,,,,,,1.69,2.32,,,39.71,,42.42,,,,5.1,,,,,,,,,,,,,,,,,,,,,,,,,,,,,,,,,,,,,,,,,,,,,,,,,,,,
10900,FEIRA,CM,,3.9,3.42,2.97,,2.85,,,,,,1.54,,,51.31,,31.57,,,,2.44,,,,,,,,,,,,,,,,,,,,,,,,,,,,,,,,,,,,,,,,,,,,,,,,,,,,
11000,ILHAVO,CM,,2.42,1.64,4.61,,,,,,,,,,,33.03,,21.72,,,,1.64,,,,,,,,,,,,,,,,,,,,,,,,,34.94,,,,,,,,,,,,,,,,,,,,,,,,,,,
11200,MURTOSA,CM,,,5.05,2.08,,,,,,,,,,,73.88,,16.6,,,,2.39,,,,,,,,,,,,,,,,,,,,,,,,,,,,,,,,,,,,,,,,,,,,,,,,,,,,
11400,OLIVEIRA DO BAIRRO,CM,,,47.78,5.1,,,,,,,,,,,37.22,,8.77,,,,1.13,,,,,,,,,,,,,,,,,,,,,,,,,,,,,,,,,,,,,,,,,,,,,,,,,,,,
11700,SEVER DO VOUGA,CM,,,23.67,,,,,,,,,,,,45.35,,29.29,,,,1.69,,,,,,,,,,,,,,,,,,,,,,,,,,,,,,,,,,,,,,,,,,,,,,,,,,,,
11800,VAGOS,CM,,,20.35,5.66,,,,,,,,,,,63.53,,9.15,,,,1.3,,,,,,,,,,,,,,,,,,,,,,,,,,,,,,,,,,,,,,,,,,,,,,,,,,,,
11900,VALE DE CAMBRA,CM,,1.51,60.7,1.33,,,,,,,,,,,14.65,,20.52,,,,1.29,,,,,,,,,,,,,,,,,,,,,,,,,,,,,,,,,,,,,,,,,,,,,,,,,,,,
20200,ALMODOVAR,CM,,2.75,,,,,,,,,,,,,21.89,,73.65,,,,1.7,,,,,,,,,,,,,,,,,,,,,,,,,,,,,,,,,,,,,,,,,,,,,,,,,,,,
20600,CASTRO VERDE,CM,,1.41,1.8,,,,,,,,,,,,,,60.08,,,,36.72,,,,,,,,,,,,,,,,,,,,,,,,,,,,,,,,,,,,,,,,,,,,,,,,,,,,
21200,OURIQUE,CM,,,,3.31,,,,,,,,,,,37.14,,54.84,,,,4.7,,,,,,,,,,,,,,,,,,,,,,,,,,,,,,,,,,,,,,,,,,,,,,,,,,,,
21400,VIDIGUEIRA,CM,,,,,,,,,,,,,,,25.25,,24.21,,,,50.54,,,,,,,,,,,,,,,,,,,,,,,,,,,,,,,,,,,,,,,,,,,,,,,,,,,,
30500,CELORICO DE BASTO,CM,,,1.25,0.84,,,,,,,,,,,45.79,,38.71,,,,0.97,,,,,,,,,,,,,,,,,,,,,,,,,,,,,,,,,,,,,,,,,12.44,,,,,,,,,,,
30600,ESPOSENDE,CM,,,10.07,4.01,,,,,,,,,,,62.04,,20.25,,,,3.64,,,,,,,,,,,,,,,,,,,,,,,,,,,,,,,,,,,,,,,,,,,,,,,,,,,,
30700,FAFE,CM,,,3.46,4.32,,,,,,,5.14,,,,26.11,,56.82,,,,4.15,,,,,,,,,,,,,,,,,,,,,,,,,,,,,,,,,,,,,,,,,,,,,,,,,,,,
30900,POVOA DE LANHOSO,CM,,0.6,1.28,0.81,,,,,,,0.21,,,,47.51,,49.13,,,,0.46,,,,,,,,,,,,,,,,,,,,,,,,,,,,,,,,,,,,,,,,,,,,,,,,,,,,
31000,TERRAS DE BOURO,CM,,,,4.81,,,,,,,,,,,79.21,,13.49,,,,2.49,,,,,,,,,,,,,,,,,,,,,,,,,,,,,,,,,,,,,,,,,,,,,,,,,,,,
31100,VIEIRA DO MINHO,CM,,,3.14,1.02,,,,,,,,,,,58.89,,36.03,,,,0.92,,,,,,,,,,,,,,,,,,,,,,,,,,,,,,,,,,,,,,,,,,,,,,,,,,,,
31300,VILA VERDE,CM,,2.81,3.93,12.59,,,,,,,,,,,56.99,,21.47,,,,2.22,,,,,,,,,,,,,,,,,,,,,,,,,,,,,,,,,,,,,,,,,,,,,,,,,,,,
40200,BRAGANCA,CM,,1.4,1.5,6.2,,,,,,,,,,,60.24,,28.32,,,,2.34,,,,,,,,,,,,,,,,,,,,,,,,,,,,,,,,,,,,,,,,,,,,,,,,,,,,
40300,CARRAZEDA DE ANSIAES,CM,,,,,,,,,,,,,,,63.06,,5.56,,,,1.3,,,,,,,,,,,,,,,,,,,,,,,,,,,,,,,30.08,,,,,,,,,,,,,,,,,,,,,
40400,FREIXO DE ESPADA A CINTA,CM,,,,,,,,,,,,,,,33.8,,65.21,,,,0.99,,,,,,,,,,,,,,,,,,,,,,,,,,,,,,,,,,,,,,,,,,,,,,,,,,,,
40700,MIRANDELA,CM,,,8.19,2.48,,,,,,,,,,,33.73,,53.7,,,,1.89,,,,,,,,,,,,,,,,,,,,,,,,,,,,,,,,,,,,,,,,,,,,,,,,,,,,
40800,MOGADOURO,CM,,,0.71,,,,,,,,,,,,50.57,,48.15,,,,0.57,,,,,,,,,,,,,,,,,,,,,,,,,,,,,,,,,,,,,,,,,,,,,,,,,,,,
41100,VIMIOSO,CM,,,,,,,,,,,,,,,68.11,,30.41,,,,1.48,,,,,,,,,,,,,,,,,,,,,,,,,,,,,,,,,,,,,,,,,,,,,,,,,,,,
50100,BELMONTE,CM,,,,,,,,,,,,,,,40.87,,43.88,,,,15.25,,,,,,,,,,,,,,,,,,,,,,,,,,,,,,,,,,,,,,,,,,,,,,,,,,,,
50400,FUNDAO,CM,,,,4.59,,,,,,,,,,,60.14,,29.38,,,,5.88,,,,,,,,,,,,,,,,,,,,,,,,,,,,,,,,,,,,,,,,,,,,,,,,,,,,
50500,IDANHA-A-NOVA,CM,,,,,,,,,,,,,,,6.57,,56.48,,,,3.54,,,,,,,,,,,,,,,,,,,,,,,,,,,33.41,,,,,,,,,,,,,,,,,,,,,,,,,
50600,OLEIROS,CM,,,,,,,,,,,,,,,54.22,,43.75,,,,2.03,,,,,,,,,,,,,,,,,,,,,,,,,,,,,,,,,,,,,,,,,,,,,,,,,,,,
50700,PENAMACOR,CM,,,1.53,,,,,,,,,,,,36.87,,60.27,,,,1.33,,,,,,,,,,,,,,,,,,,,,,,,,,,,,,,,,,,,,,,,,,,,,,,,,,,,
50900,SERTA,CM,,1.33,,3.58,,,,,,,,,,,44.53,,49.57,,,,0.98,,,,,,,,,,,,,,,,,,,,,,,,,,,,,,,,,,,,,,,,,,,,,,,,,,,,
51000,VILA DE REI,CM,,,,,,,,,,,,,,,65.36,,28.77,,,,5.87,,,,,,,,,,,,,,,,,,,,,,,,,,,,,,,,,,,,,,,,,,,,,,,,,,,,
60100,ARGANIL,CM,,,,,,,,,,,,,,,62.49,,32.66,,,,4.85,,,,,,,,,,,,,,,,,,,,,,,,,,,,,,,,,,,,,,,,,,,,,,,,,,,,
60200,CANTANHEDE,CM,,2.91,1.44,5.66,,,,,,,,,,,58.23,,29.33,,,,2.44,,,,,,,,,,,,,,,,,,,,,,,,,,,,,,,,,,,,,,,,,,,,,,,,,,,,
60400,CONDEIXA-A-NOVA,CM,,5.66,,6.85,,,,,,,,,,,33.67,,47.31,,,,6.51,,,,,,,,,,,,,,,,,,,,,,,,,,,,,,,,,,,,,,,,,,,,,,,,,,,,
60500,FIGUEIRA DA FOZ,CM,,2.15,1.22,,,,,,,,,,,,11.33,,40.2,,,,2.8,,,,,,,,,,,,,,,,,,,,,,42.29,,,,,,,,,,,,,,,,,,,,,,,,,,,,,,
60600,GOIS,CM,,,2.53,,,,,,,,,,,,41.79,,19.32,,,,3.1,,,,,,,,,,,,,,,,,,,,,,,,,,,,33.27,,,,,,,,,,,,,,,,,,,,,,,,
60800,MIRA,CM,,,,3.7,,,,,,,,,,,61.89,,32.48,,,,1.93,,,,,,,,,,,,,,,,,,,,,,,,,,,,,,,,,,,,,,,,,,,,,,,,,,,,
61200,PAMPILHOSA DA SERRA,CM,,,6.37,,,,,,,,,,,,63.31,,29.09,,,,1.23,,,,,,,,,,,,,,,,,,,,,,,,,,,,,,,,,,,,,,,,,,,,,,,,,,,,
61300,PENACOVA,CM,,,1.03,1.09,,,,,,,,,,,48.03,,44.56,,,,5.28,,,,,,,,,,,,,,,,,,,,,,,,,,,,,,,,,,,,,,,,,,,,,,,,,,,,
61400,PENELA,CM,,,,,,,,,,,,,,,40.38,,58.6,,,,1.02,,,,,,,,,,,,,,,,,,,,,,,,,,,,,,,,,,,,,,,,,,,,,,,,,,,,
61500,SOURE,CM,,,,3.84,,,,,,,,,,,39.37,,47.76,,,,9.04,,,,,,,,,,,,,,,,,,,,,,,,,,,,,,,,,,,,,,,,,,,,,,,,,,,,
61700,VILA NOVA DE POIARES,CM,,,,,,,,,,,,,,,31.48,,62.58,,,,5.94,,,,,,,,,,,,,,,,,,,,,,,,,,,,,,,,,,,,,,,,,,,,,,,,,,,,
70300,BORBA,CM,,,0.53,,,,,,,,,,,,13.25,,34.64,,,,5.07,,,,,,,,,,,,,,,,,,,,46.52,,,,,,,,,,,,,,,,,,,,,,,,,,,,,,,,
70900,PORTEL,CM,,,,,,,,,,,,,,,3.92,,57.99,,,,38.09,,,,,,,,,,,,,,,,,,,,,,,,,,,,,,,,,,,,,,,,,,,,,,,,,,,,
71100,REGUENGOS DE MONSARAZ,CM,,,,5.97,,,,,,,,,,,50.45,,36.43,,,,7.14,,,,,,,,,,,,,,,,,,,,,,,,,,,,,,,,,,,,,,,,,,,,,,,,,,,,
80200,ALCOUTIM,CM,,,,1.11,,,,,,,,,,,38.68,,57.06,,,,3.15,,,,,,,,,,,,,,,,,,,,,,,,,,,,,,,,,,,,,,,,,,,,,,,,,,,,
80300,ALJEZUR,CM,,,,1.44,,,,,,,,,,,5.11,,46.05,,,,4.39,,,,,,,,,,,,,,,,,,,,,43.02,,,,,,,,,,,,,,,,,,,,,,,,,,,,,,,
80400,CASTRO MARIM,CM,,,0.83,4.86,,,,,,,,,,,58.13,,32.43,,,,3.75,,,,,,,,,,,,,,,,,,,,,,,,,,,,,,,,,,,,,,,,,,,,,,,,,,,,
80600,LAGOA,CM,,3.78,,6.6,,1.85,,,,,,,,,12.58,,53.2,,,,3.37,,,,,,,,,,,,,,,,,,,,,,,,,,,,,,,,,,,,,,18.62,,,,,,,,,,,,,,
80900,MONCHIQUE,CM,,,13.82,1.66,,,,,,,,,,,22.47,,51.84,,,,3.28,,,,,,,,,,,,,,,,,,,,,,,,,,,,,,,,,,,,,,,,,,,,,,,,6.93,,,,
81200,SAO BRAS DE ALPORTEL,CM,,,0.64,3.09,,,,,,,,,,,30.8,,60.62,,,,4.85,,,,,,,,,,,,,,,,,,,,,,,,,,,,,,,,,,,,,,,,,,,,,,,,,,,,
81400,TAVIRA,CM,,2.45,,4.96,,,,,,,,,,,44.03,,45.13,,,,3.43,,,,,,,,,,,,,,,,,,,,,,,,,,,,,,,,,,,,,,,,,,,,,,,,,,,,
81600,VILA REAL DE SANTO ANTONIO,CM,,1.44,1.05,3.99,,,,,,,,1.99,,,33.42,,38.22,,,,12.05,,,,,,,,,,,,,,,,,,,,,,,,,,,,,,,,,,,,,,,,,,,,,,,7.85,,,,,
90100,AGUIAR DA BEIRA,CM,,,,4.32,,,,,,,,,,,41.39,,53.92,,,,0.37,,,,,,,,,,,,,,,,,,,,,,,,,,,,,,,,,,,,,,,,,,,,,,,,,,,,
90200,ALMEIDA,CM,,,,,,,,,,,,,,,52.36,,44.88,,,,2.76,,,,,,,,,,,,,,,,,,,,,,,,,,,,,,,,,,,,,,,,,,,,,,,,,,,,
90300,CELORICO DA BEIRA,CM,,,,2.59,,,,,,,,,,,58.18,,38.71,,,,0.51,,,,,,,,,,,,,,,,,,,,,,,,,,,,,,,,,,,,,,,,,,,,,,,,,,,,
90400,FIGUEIRA DE CASTELO RODRIGO,CM,,,2.7,,,,,0.24,,,,,,,49.37,,47.06,,,,0.63,,,,,,,,,,,,,,,,,,,,,,,,,,,,,,,,,,,,,,,,,,,,,,,,,,,,
90600,GOUVEIA,CM,,,,,,,,,,,,,,,53.32,,43.49,,,,3.18,,,,,,,,,,,,,,,,,,,,,,,,,,,,,,,,,,,,,,,,,,,,,,,,,,,,
90700,GUARDA,CM,,1.66,2.79,2.79,,,,,,,,,,,72.7,,18.7,,,,1.36,,,,,,,,,,,,,,,,,,,,,,,,,,,,,,,,,,,,,,,,,,,,,,,,,,,,
90800,MANTEIGAS,CM,,,,,,,,,,,6.91,,,,27.55,,28.94,,,,1.44,,,,,,,,,,,,,,,,,,,,,,,,35.16,,,,,,,,,,,,,,,,,,,,,,,,,,,,
91000,PINHEL,CM,,,,,,,,,,,,,,,70.65,,26.56,,,,2.8,,,,,,,,,,,,,,,,,,,,,,,,,,,,,,,,,,,,,,,,,,,,,,,,,,,,
91100,SABUGAL,CM,,,4.32,2.97,,,,,,,,,,,49.14,,41.97,,,,1.6,,,,,,,,,,,,,,,,,,,,,,,,,,,,,,,,,,,,,,,,,,,,,,,,,,,,
91200,SEIA,CM,,,,5.83,,,,,,,,,,,25.87,,45.97,,,,3.58,,,,,,,,,,,,,,,,,,,,,,,,,,,,,,,,,,,,,18.75,,,,,,,,,,,,,,,
91400,VILA NOVA DE FOZ COA,CM,,,,,,,,,,,4.51,,,,53.48,,40.23,,,,1.78,,,,,,,,,,,,,,,,,,,,,,,,,,,,,,,,,,,,,,,,,,,,,,,,,,,,
100100,ALCOBACA,CM,,,5.5,4.99,,3.68,,,,,4.74,,,,45.4,,32.03,,,,3.67,,,,,,,,,,,,,,,,,,,,,,,,,,,,,,,,,,,,,,,,,,,,,,,,,,,,
100200,ALVAIAZERE,CM,,,,4.66,,,,,,,,,,,42.29,,41.06,,,,1.21,,,,,,,,,,,,,,,,,,,,,,,,,,,,,,,,,,,,,,,,,,,10.77,,,,,,,,,
100300,ANSIAO,CM,,,1.65,5.16,,,,,,,,,,,42.24,,49.62,,,,1.32,,,,,,,,,,,,,,,,,,,,,,,,,,,,,,,,,,,,,,,,,,,,,,,,,,,,
100400,BATALHA,CM,,,4.93,4.93,,3.45,,,,,,,,,36.96,,48.58,,,,1.15,,,,,,,,,,,,,,,,,,,,,,,,,,,,,,,,,,,,,,,,,,,,,,,,,,,,
100500,BOMBARRAL,CM,,,6.16,4.91,,,,,,,,,,,39.85,,42.95,,,,6.13,,,,,,,,,,,,,,,,,,,,,,,,,,,,,,,,,,,,,,,,,,,,,,,,,,,,
100800,FIGUEIRO DOS VINHOS,CM,,,,1.24,,,,,,,,,,,31.83,,45.57,,,,0.72,,,,,,,,,,,,,,,,,,,,,,,,,,,,,,,,,,,20.64,,,,,,,,,,,,,,,,,
101000,MARINHA GRANDE,CM,,3.87,0.86,3.54,,,,,,,,,,,7.2,,22.9,,,,21.51,,,,,,,,,,,,,,,,,,,,,,,40.11,,,,,,,,,,,,,,,,,,,,,,,,,,,,,
101100,NAZARE,CM,,5.4,1.78,,,,,,,,,,,,29.91,,47.72,,,,15.19,,,,,,,,,,,,,,,,,,,,,,,,,,,,,,,,,,,,,,,,,,,,,,,,,,,,
101300,PEDROGAO GRANDE,CM,,,12.09,1.67,,,,,,,,,,,54.83,,29.39,,,,2.02,,,,,,,,,,,,,,,,,,,,,,,,,,,,,,,,,,,,,,,,,,,,,,,,,,,,
101400,PENICHE,CM,,0.98,,3.28,,,,1.35,,,,,,,58.33,,25.39,,,,10.67,,,,,,,,,,,,,,,,,,,,,,,,,,,,,,,,,,,,,,,,,,,,,,,,,,,,
101500,POMBAL,CM,,3.11,,3.92,,3.45,,,,,,,,,65.22,,22.4,,,,1.9,,,,,,,,,,,,,,,,,,,,,,,,,,,,,,,,,,,,,,,,,,,,,,,,,,,,
101600,PORTO DE MOS,CM,,,,3.07,,,,,,,,,,,57.97,,37.22,,,,1.74,,,,,,,,,,,,,,,,,,,,,,,,,,,,,,,,,,,,,,,,,,,,,,,,,,,,
110400,CADAVAL,CM,,,2.55,,,,,,,,,,,,55.05,,36.89,,,,5.52,,,,,,,,,,,,,,,,,,,,,,,,,,,,,,,,,,,,,,,,,,,,,,,,,,,,
110700,LOURES,CM,,4.04,1.59,8.83,,3.49,,,,,,2.33,1.6,,14.66,,32.97,,,,30.48,,,,,,,,,,,,,,,,,,,,,,,,,,,,,,,,,,,,,,,,,,,,,,,,,,,,
110900,MAFRA,CM,,2.82,1.05,5.85,,2.74,,,,,,3.23,,,59.98,,19.75,,,,4.58,,,,,,,,,,,,,,,,,,,,,,,,,,,,,,,,,,,,,,,,,,,,,,,,,,,,
120200,ARRONCHES,CM,,,,1.57,,,,,,,,,,,54.46,,41.34,,,,2.62,,,,,,,,,,,,,,,,,,,,,,,,,,,,,,,,,,,,,,,,,,,,,,,,,,,,
120300,AVIS,CM,,,,,,,,,,,,,,,6.52,,21.5,,,,57.42,,,,,,,,,,,,,,,,,,,,,,,,,,,,,,,,,,,,,,,14.55,,,,,,,,,,,,,
120400,CAMPO MAIOR,CM,,2.23,,12.06,,,,,,,,,,,,,54.55,,,,31.16,,,,,,,,,,,,,,,,,,,,,,,,,,,,,,,,,,,,,,,,,,,,,,,,,,,,
120500,CASTELO DE VIDE,CM,,,1.25,,,,,,,,,,,,52.18,,43.61,,,,2.96,,,,,,,,,,,,,,,,,,,,,,,,,,,,,,,,,,,,,,,,,,,,,,,,,,,,
120600,CRATO,CM,,,,0.89,,,,,,,19.62,,,,18.86,,44.98,,,,15.65,,,,,,,,,,,,,,,,,,,,,,,,,,,,,,,,,,,,,,,,,,,,,,,,,,,,
120800,FRONTEIRA,CM,,,,8.96,,,,,,,,,,,61.72,,23.56,,,,5.76,,,,,,,,,,,,,,,,,,,,,,,,,,,,,,,,,,,,,,,,,,,,,,,,,,,,
120900,GAVIAO,CM,,,,3.85,,,,,,,,,,,21.17,,49.34,,,,25.63,,,,,,,,,,,,,,,,,,,,,,,,,,,,,,,,,,,,,,,,,,,,,,,,,,,,
121100,MONFORTE,CM,,,,7.34,,,,,,,,,,,5.39,,23.06,,,,64.2,,,,,,,,,,,,,,,,,,,,,,,,,,,,,,,,,,,,,,,,,,,,,,,,,,,,
121200,NISA,CM,,,,4.26,,,,,,,,,,,14.91,,56.23,,,,24.6,,,,,,,,,,,,,,,,,,,,,,,,,,,,,,,,,,,,,,,,,,,,,,,,,,,,
121500,SOUSEL,CM,,,,2.69,,,,,,,,,,,28.59,,64.26,,,,4.47,,,,,,,,,,,,,,,,,,,,,,,,,,,,,,,,,,,,,,,,,,,,,,,,,,,,
130100,AMARANTE,CM,53.97,2.19,,2.07,,,,,,,,,,,,,40.07,,,,1.7,,,,,,,,,,,,,,,,,,,,,,,,,,,,,,,,,,,,,,,,,,,,,,,,,,,,
130900,PACOS DE FERREIRA,CM,,,1.61,2.3,,,,,,,,,,,35.07,,57.67,,,,3.35,,,,,,,,,,,,,,,,,,,,,,,,,,,,,,,,,,,,,,,,,,,,,,,,,,,,
131200,PORTO,CM,,6.46,,3.05,0.08,,,0.47,,,,2.88,,,60,0.22,18.6,,,0.43,7.78,,,,,,,,,,,,,,,,,,,,,,,,,,,,,,,,,,,,,,,,,,,,,,,,,,,,
131300,POVOA DE VARZIM,CM,,2.99,3.56,5.77,,3.64,,,,,,2.48,,,54.18,,22.99,,,,4.39,,,,,,,,,,,,,,,,,,,,,,,,,,,,,,,,,,,,,,,,,,,,,,,,,,,,
131600,VILA DO CONDE,CM,,1.63,1.1,2.61,,1.73,,,,,,1.73,,,45.37,,43.8,,,,2.04,,,,,,,,,,,,,,,,,,,,,,,,,,,,,,,,,,,,,,,,,,,,,,,,,,,,
140100,ABRANTES,CM,,6.47,,5.51,,,,,,,,,,,14.63,,58.14,,,,5.44,,,,,,,,,,,,,,,,,,,,,,,,,,,,,,,,,,,,,,,,,,,,,9.8,,,,,,,
140500,BENAVENTE,CM,,,1.24,12.54,,,,,,,,,,,27.16,,19.23,,,,34.74,,,,,,,,,,,,,,,,,,,,,,,,,,,,,,,,,,,,,,,,,,,,,,,,,,,,5.1
140600,CARTAXO,CM,,4.56,,9.02,,,,,,,,,,,48.62,,30.31,,,,7.5,,,,,,,,,,,,,,,,,,,,,,,,,,,,,,,,,,,,,,,,,,,,,,,,,,,,
140800,CONSTANCIA,CM,,,2.75,3.83,,,,,,,,,,,3.02,,61.06,,,,29.34,,,,,,,,,,,,,,,,,,,,,,,,,,,,,,,,,,,,,,,,,,,,,,,,,,,,
140900,CORUCHE,CM,,,,5.98,,,,,,,,,,,16.04,,53.47,,,,24.5,,,,,,,,,,,,,,,,,,,,,,,,,,,,,,,,,,,,,,,,,,,,,,,,,,,,
141000,ENTRONCAMENTO,CM,,7.06,7.54,11.79,,,,,,,,,,,33.28,,34.09,,,,6.24,,,,,,,,,,,,,,,,,,,,,,,,,,,,,,,,,,,,,,,,,,,,,,,,,,,,
141100,FERREIRA DO ZEZERE,CM,,,,1.42,,,,,,,3.1,,,,35.52,,59.06,,,,0.9,,,,,,,,,,,,,,,,,,,,,,,,,,,,,,,,,,,,,,,,,,,,,,,,,,,,
141200,GOLEGA,CM,,,,2.65,,,,,,,,,,,49.07,,44.19,,,,4.09,,,,,,,,,,,,,,,,,,,,,,,,,,,,,,,,,,,,,,,,,,,,,,,,,,,,
141300,MACAO,CM,,,1.42,2.54,,,,,,,,,,,66.09,,27.22,,,,2.72,,,,,,,,,,,,,,,,,,,,,,,,,,,,,,,,,,,,,,,,,,,,,,,,,,,,
141600,SANTAREM,CM,,4.39,2.74,8.27,,2.22,,,,,,1.19,,,39.03,,34.69,,,,7.47,,,,,,,,,,,,,,,,,,,,,,,,,,,,,,,,,,,,,,,,,,,,,,,,,,,,
141700,SARDOAL,CM,,,0.62,5.08,,,,,,,,,,,46.71,,45.19,,,,2.4,,,,,,,,,,,,,,,,,,,,,,,,,,,,,,,,,,,,,,,,,,,,,,,,,,,,
142000,VILA NOVA DA BARQUINHA,CM,,,0.92,13.16,,,,,,,,,,,17.16,,58.25,,,,10.5,,,,,,,,,,,,,,,,,,,,,,,,,,,,,,,,,,,,,,,,,,,,,,,,,,,,
150200,ALCOCHETE,CM,,,9.91,5.42,,,,,,,,,,,6.97,,54.76,,,,22.95,,,,,,,,,,,,,,,,,,,,,,,,,,,,,,,,,,,,,,,,,,,,,,,,,,,,
150400,BARREIRO,CM,,3.01,0.6,4.4,,,,0.49,,,,1.73,,,7.46,,58.23,,,,24.07,,,,,,,,,,,,,,,,,,,,,,,,,,,,,,,,,,,,,,,,,,,,,,,,,,,,
160100,ARCOS DE VALDEVEZ,CM,,,2.61,2.79,,,,,,,,,,,60.77,,31.61,,,,2.22,,,,,,,,,,,,,,,,,,,,,,,,,,,,,,,,,,,,,,,,,,,,,,,,,,,,
160300,MELGACO,CM,,,,,,,,,,,,,,,38.98,,58.22,,,,2.8,,,,,,,,,,,,,,,,,,,,,,,,,,,,,,,,,,,,,,,,,,,,,,,,,,,,
160400,MONCAO,CM,,,1.82,1.83,,,,,,,,,,,64.52,,30.82,,,,1.01,,,,,,,,,,,,,,,,,,,,,,,,,,,,,,,,,,,,,,,,,,,,,,,,,,,,
160600,PONTE DA BARCA,CM,,,1.29,1.65,,,,,,,,,,,48.35,,46.43,,,,2.27,,,,,,,,,,,,,,,,,,,,,,,,,,,,,,,,,,,,,,,,,,,,,,,,,,,,
160700,PONTE DE LIMA,CM,,,45.09,1.23,,,,,,,,,,,11.63,0.49,29.13,,,,2.22,,6.16,,,,,,,,,,,,,,,,,,,,,,,,,,,4.06,,,,,,,,,,,,,,,,,,,,,,,
160800,VALENCA,CM,,,,1.05,,,,,,,6.81,,,,28.94,,41.09,,,,1.15,,,,,,,,,,,,,,,,,,,,,,,,,,,,,,,,,,20.96,,,,,,,,,,,,,,,,,,
161000,VILA NOVA DE CERVEIRA,CM,,1.81,,2.71,,,,,,,,,,,42.31,,52.59,,,,0.58,,,,,,,,,,,,,,,,,,,,,,,,,,,,,,,,,,,,,,,,,,,,,,,,,,,,
170200,BOTICAS,CM,,,,1.65,,,,,,,,,,,77.54,,16.81,,,,4,,,,,,,,,,,,,,,,,,,,,,,,,,,,,,,,,,,,,,,,,,,,,,,,,,,,
170500,MONDIM DE BASTO,CM,,,6.03,,,,,,,,,,,,50.04,,43.07,,,,0.86,,,,,,,,,,,,,,,,,,,,,,,,,,,,,,,,,,,,,,,,,,,,,,,,,,,,
170700,MURCA,CM,,,4.19,,,,,,,,,,,,59.67,,35.31,,,,0.82,,,,,,,,,,,,,,,,,,,,,,,,,,,,,,,,,,,,,,,,,,,,,,,,,,,,
170800,PESO DA REGUA,CM,,2.27,0.64,2,,,,,,,,,,,55.43,,38.03,,,,1.62,,,,,,,,,,,,,,,,,,,,,,,,,,,,,,,,,,,,,,,,,,,,,,,,,,,,
171000,SABROSA,CM,,,8.21,1.05,,,,,,,,,,,28.17,,29.84,,,,1.4,,,,,,,,,,,,,,,,,,,,,,,,,,,,,,28.25,,,,,,,,,,,,,,,,,,,,,,
171200,VALPACOS,CM,,,3.24,2.12,,,,,,,,,,,78.85,,14.54,,,,1.24,,,,,,,,,,,,,,,,,,,,,,,,,,,,,,,,,,,,,,,,,,,,,,,,,,,,
171300,VILA POUCA DE AGUIAR,CM,,,1.33,1.89,,,,,,,,,,,67.53,,27.48,,,,1.77,,,,,,,,,,,,,,,,,,,,,,,,,,,,,,,,,,,,,,,,,,,,,,,,,,,,
180200,CARREGAL DO SAL,CM,,1.37,3.85,,,,,,,,,,,,16.06,,53.88,,,,0.81,,,,,,,,,,,,,,,,,,,,,,,,,,,,,,,,,24.04,,,,,,,,,,,,,,,,,,,
180800,MORTAGUA,CM,,,,,,,,,,,,,,,34,,64.93,,,,1.07,,,,,,,,,,,,,,,,,,,,,,,,,,,,,,,,,,,,,,,,,,,,,,,,,,,,
181200,PENEDONO,CM,,,,,,,,,,,,,,,50.13,,34.61,,,,0.8,,,,,,,,,,,,,,,,,,,,,,,,,,,,,,,,,,,,,,,,14.46,,,,,,,,,,,,
181300,RESENDE,CM,,,,,,,,,,,,,,,48.53,,50.53,,,,0.94,,,,,,,,,,,,,,,,,,,,,,,,,,,,,,,,,,,,,,,,,,,,,,,,,,,,
181600,SAO PEDRO DO SUL,CM,,,,2.6,,,,,,,,,,,33.63,,61.94,,,,1.84,,,,,,,,,,,,,,,,,,,,,,,,,,,,,,,,,,,,,,,,,,,,,,,,,,,,
181700,SATAO,CM,,,,6.56,,,,,,,,,,,49.57,,41.75,,,,2.12,,,,,,,,,,,,,,,,,,,,,,,,,,,,,,,,,,,,,,,,,,,,,,,,,,,,
181800,SERNANCELHE,CM,,,,,,,,,,,,,,,85.99,,9.83,,,,4.18,,,,,,,,,,,,,,,,,,,,,,,,,,,,,,,,,,,,,,,,,,,,,,,,,,,,
182000,TAROUCA,CM,,,,,,,,,,,,,,,62.11,,35.17,,,,2.72,,,,,,,,,,,,,,,,,,,,,,,,,,,,,,,,,,,,,,,,,,,,,,,,,,,,
182100,TONDELA,CM,,,,3.9,,,,,,,,,,,47.27,,45.64,,,,3.19,,,,,,,,,,,,,,,,,,,,,,,,,,,,,,,,,,,,,,,,,,,,,,,,,,,,
182200,VILA NOVA DE PAIVA,CM,,,,,,,,,,,17.46,,,,35.5,,45.31,,,,1.72,,,,,,,,,,,,,,,,,,,,,,,,,,,,,,,,,,,,,,,,,,,,,,,,,,,,
182300,VISEU,CM,,2.08,2.09,3.06,,2.27,,,,,,1.3,,,48.37,,39.61,,,,1.21,,,,,,,,,,,,,,,,,,,,,,,,,,,,,,,,,,,,,,,,,,,,,,,,,,,,
182400,VOUZELA,CM,,,,3.34,,,,,,,,,,,61.45,,33.56,,,,1.65,,,,,,,,,,,,,,,,,,,,,,,,,,,,,,,,,,,,,,,,,,,,,,,,,,,,
310100,CALHETA (R.A.M.),CM,,,11.94,,,,,,,,,,,,73.59,,12.69,0.79,,,0.99,,,,,,,,,,,,,,,,,,,,,,,,,,,,,,,,,,,,,,,,,,,,,,,,,,,,
310700,RIBEIRA BRAVA,CM,,,,8.37,,,,,,,,,,,66.01,,21.67,2.14,,,1.81,,,,,,,,,,,,,,,,,,,,,,,,,,,,,,,,,,,,,,,,,,,,,,,,,,,,
310900,SANTANA,CM,,,59.69,,,,,,,,,,,,27.8,,10.95,,0.61,,0.94,,,,,,,,,,,,,,,,,,,,,,,,,,,,,,,,,,,,,,,,,,,,,,,,,,,,
410100,VILA DO PORTO,CM,,4.26,,,,,,,,,,,,,35.62,,59.03,,,,1.09,,,,,,,,,,,,,,,,,,,,,,,,,,,,,,,,,,,,,,,,,,,,,,,,,,,,
420200,NORDESTE,CM,,,,1.07,,,,,,,,,,,73.19,,22.39,,,,3.35,,,,,,,,,,,,,,,,,,,,,,,,,,,,,,,,,,,,,,,,,,,,,,,,,,,,
420300,PONTA DELGADA,CM,,2.84,,2,,2.78,,,,,,2.08,,,50.47,,38.59,,,,1.23,,,,,,,,,,,,,,,,,,,,,,,,,,,,,,,,,,,,,,,,,,,,,,,,,,,,
420400,POVOACAO,CM,,,,0.31,,,,,,,,,,,32.3,,66.72,,,,0.67,,,,,,,,,,,,,,,,,,,,,,,,,,,,,,,,,,,,,,,,,,,,,,,,,,,,
420500,RIBEIRA GRANDE,CM,,1.89,,1.58,,,,,,,,,,,62.93,,32.78,,,,0.82,,,,,,,,,,,,,,,,,,,,,,,,,,,,,,,,,,,,,,,,,,,,,,,,,,,,
420600,VILA FRANCA DO CAMPO,CM,,,,1.2,,,,,,,,,,,46.21,,51.84,,,,0.75,,,,,,,,,,,,,,,,,,,,,,,,,,,,,,,,,,,,,,,,,,,,,,,,,,,,
450100,CALHETA (R.A.A.),CM,,,,,,,,,,,,,,,54.97,,45.03,,,,,,,,,,,,,,,,,,,,,,,,,,,,,,,,,,,,,,,,,,,,,,,,,,,,,,,,
450200,VELAS,CM,,,70.85,,,,,,,,,,,,,,29.15,,,,,,,,,,,,,,,,,,,,,,,,,,,,,,,,,,,,,,,,,,,,,,,,,,,,,,,,
460200,MADALENA,CM,,1.94,,,,,,,,,,,,,60.03,,38.03,,,,,,,,,,,,,,,,,,,,,,,,,,,,,,,,,,,,,,,,,,,,,,,,,,,,,,,,
460300,SAO ROQUE DO PICO,CM,,,,,,,,,,,,,,,63,,37,,,,,,,,,,,,,,,,,,,,,,,,,,,,,,,,,,,,,,,,,,,,,,,,,,,,,,,,
