CONC;Percentagem_Max;Partido_Vencedor;cor;CONC_std
OEIRAS;53.84;IN-OV;grey;OEIRAS
SESIMBRA;36.01;PCP-PEV;red;SESIMBRA
CALDAS DA RAINHA;42.13;VM;grey;CALDAS DA RAINHA
TOMAR;41.92;PS;purple;TOMAR
LEIRIA;55.24;PS;purple;LEIRIA
PALMELA;32.9;PCP-PEV;red;PALMELA
PORTIMAO;41.72;PS;purple;PORTIMAO
ALENQUER;44.71;PS;purple;ALENQUER
SEIXAL;39.15;PCP-PEV;red;SEIXAL
COVILHA;48.88;PS;purple;COVILHA
MORA;50.27;PS;purple;MORA
CORVO;61.03;PS;purple;CORVO
MONTEMOR-O-NOVO;41.53;PS;purple;MONTEMOR-O-NOVO
SILVES;45.13;PCP-PEV;red;SILVES
FELGUEIRAS;70.15;PS;purple;FELGUEIRAS
ESTREMOZ;45.93;PS;purple;ESTREMOZ
VILA NOVA DE GAIA;60.43;PS;purple;VILA NOVA DE GAIA
LAGOS;56.34;PS;purple;LAGOS
TORRE DE MONCORVO;53.65;PSD/CDS;orange;TORRE DE MONCORVO
PAREDES;65.06;PS;purple;PAREDES
OVAR;65.82;PSD/CDS;orange;OVAR
SANTO TIRSO;63.85;PS;purple;SANTO TIRSO
CASCAIS;54.27;PSD/CDS;orange;CASCAIS
SETUBAL;35.74;PCP-PEV;red;SETUBAL
MERTOLA;59.6;PS;purple;MERTOLA
EVORA;28.59;PCP-PEV;red;EVORA
SANTA CRUZ;63.34;PS;purple;SANTA CRUZ
OBIDOS;48.089999999999996;PSD/CDS;orange;OBIDOS
COIMBRA;45.75;PSD/CDS;orange;COIMBRA
CAMARA DE LOBOS;69.97;PSD/CDS;orange;CAMARA DE LOBOS
CAMINHA;48.72;PS;purple;CAMINHA
SINTRA;36.88;PS;purple;SINTRA
ODIVELAS;46.97;PS;purple;ODIVELAS
AMADORA;45.7;PS;purple;AMADORA
ALMADA;41.09;PS;purple;ALMADA
LISBOA;35.35;PSD/CDS;orange;LISBOA
ALVITO;51.89;PS;purple;ALVITO
MOURA;41.4;PS;purple;MOURA
MONTIJO;30.79;PS;purple;MONTIJO
VILA REAL;60.81;PS;purple;VILA REAL
BEJA;40.08;PS;purple;BEJA
MEALHADA;39.6;[MMMI];grey;MEALHADA
FARO;49.4;PSD/CDS;orange;FARO
SAO JOAO DA MADEIRA;53.72;PS;purple;SAO JOAO DA MADEIRA
ALCANENA;48.39;PSD/CDS;orange;ALCANENA
MOITA;38.95;PS;purple;MOITA
ALCACER DO SAL;49.49;PCP-PEV;red;ALCACER DO SAL
VIANA DO ALENTEJO;39.16;PCP-PEV;red;VIANA DO ALENTEJO
VILA VICOSA;53.13;PSD/CDS;orange;VILA VICOSA
ALBUFEIRA;33.09;PSD/CDS;orange;ALBUFEIRA
LOULE;57.94;PS;purple;LOULE
VILA DO BISPO;34.33;PS;purple;VILA DO BISPO
AZAMBUJA;42.22;PS;purple;AZAMBUJA
VILA FRANCA DE XIRA;41.94;PS;purple;VILA FRANCA DE XIRA
ALJUSTREL;48.68;PS;purple;ALJUSTREL
BRAGA;44.98;PSD/CDS;orange;BRAGA
AROUCA;52.25;PS;purple;AROUCA
CUBA;58.73;PCP-PEV;red;CUBA
CASTELO BRANCO;37.44;PS;purple;CASTELO BRANCO
TORRES VEDRAS;41.69;PS;purple;TORRES VEDRAS
CINFAES;64.14;PS;purple;CINFAES
LAGOA (R.A.A);64.64;PS;purple;LAGOA (R.A.A)
ANGRA DO HEROISMO;54.96;PS;purple;ANGRA DO HEROISMO
SANTA CRUZ DA GRACIOSA;59.69;PSD/CDS;orange;SANTA CRUZ DA GRACIOSA
LAJES DO PICO;57.44;PS;purple;LAJES DO PICO
HORTA;48.96;PSD/CDS;orange;HORTA
LAJES DAS FLORES;50.95;PS;purple;LAJES DAS FLORES
AVEIRO;54.15;PSD/CDS;orange;AVEIRO
ESTARREJA;55.09;PSD/CDS;orange;ESTARREJA
OLIVEIRA DE AZEMEIS;57.42;PS;purple;OLIVEIRA DE AZEMEIS
BARRANCOS;48.04;PCP-PEV;red;BARRANCOS
FERREIRA DO ALENTEJO;48.27;PS;purple;FERREIRA DO ALENTEJO
ODEMIRA;49.09;PS;purple;ODEMIRA
SERPA;44.88;PCP-PEV;red;SERPA
AMARES;54.63;PSD/CDS;orange;AMARES
BARCELOS;47.59;PSD/CDS;orange;BARCELOS
CABECEIRAS DE BASTO;55.26;PSD/CDS;orange;CABECEIRAS DE BASTO
GUIMARAES;49.76;PS;purple;GUIMARAES
VILA NOVA DE FAMALICAO;55.02;PSD/CDS;orange;VILA NOVA DE FAMALICAO
VIZELA;76.37;PS;purple;VIZELA
ALFANDEGA DA FE;53.94;PS;purple;ALFANDEGA DA FE
MACEDO DE CAVALEIROS;50.21;PS;purple;MACEDO DE CAVALEIROS
MIRANDA DO DOURO;56.02;PSD/CDS;orange;MIRANDA DO DOURO
VILA FLOR;55.55;PSD/CDS;orange;VILA FLOR
VINHAIS;52.08;PS;purple;VINHAIS
PROENCA-A-NOVA;68.57;PS;purple;PROENCA-A-NOVA
VILA VELHA DE RODAO;76.74;PS;purple;VILA VELHA DE RODAO
LOUSA;55.58;PS;purple;LOUSA
MONTEMOR-O-VELHO;52.79;PS;purple;MONTEMOR-O-VELHO
OLIVEIRA DO HOSPITAL;58.34;PS;purple;OLIVEIRA DO HOSPITAL
TABUA;54.32;PS;purple;TABUA
ALANDROAL;58.8;PS;purple;ALANDROAL
ARRAIOLOS;62.35;PCP-PEV;red;ARRAIOLOS
MOURAO;48.59;PSD/CDS;orange;MOURAO
REDONDO;44.96;PSD/CDS;orange;REDONDO
VENDAS NOVAS;42.47;PS;purple;VENDAS NOVAS
FORNOS DE ALGODRES;62.9;PS;purple;FORNOS DE ALGODRES
MEDA;52.28;PSD/CDS;orange;MEDA
TRANCOSO;63.38;PS;purple;TRANCOSO
CASTANHEIRA DE PERA;41.46;PS;purple;CASTANHEIRA DE PERA
ARRUDA DOS VINHOS;67.14;PS;purple;ARRUDA DOS VINHOS
LOURINHA;47.82;PS;purple;LOURINHA
SOBRAL DE MONTE AGRACO;45.31;PCP-PEV;red;SOBRAL DE MONTE AGRACO
ALTER DO CHAO;45.1;PSD/CDS;orange;ALTER DO CHAO
ELVAS;39.21;MCPE;grey;ELVAS
MARVAO;49.6;PSD/CDS;orange;MARVAO
PONTE DE SOR;67.21;PS;purple;PONTE DE SOR
PORTALEGRE;39.26;PSD/CDS;orange;PORTALEGRE
BAIAO;62.69;PS;purple;BAIAO
GONDOMAR;49.61;PS;purple;GONDOMAR
LOUSADA;60.25;PS;purple;LOUSADA
MAIA;42.94;PSD/CDS;orange;MAIA
MARCO DE CANAVESES;60.55;PS;purple;MARCO DE CANAVESES
MATOSINHOS;56.25;PS;purple;MATOSINHOS
VALONGO;53.28;PS;purple;VALONGO
TROFA;58.75;PSD/CDS;orange;TROFA
ALMEIRIM;71.27;PS;purple;ALMEIRIM
CHAMUSCA;46.25;PS;purple;CHAMUSCA
RIO MAIOR;59.09;PSD/CDS;orange;RIO MAIOR
SALVATERRA DE MAGOS;52.64;PS;purple;SALVATERRA DE MAGOS
TORRES NOVAS;47.13;PS;purple;TORRES NOVAS
OUREM;66.44;PSD/CDS;orange;OUREM
GRANDOLA;46.23;PCP-PEV;red;GRANDOLA
SANTIAGO DO CACEM;45.24;PCP-PEV;red;SANTIAGO DO CACEM
SINES;51.5;PS;purple;SINES
PAREDES DE COURA;69.47;PS;purple;PAREDES DE COURA
VIANA DO CASTELO;47.76;PS;purple;VIANA DO CASTELO
ALIJO;63.45;PSD/CDS;orange;ALIJO
CHAVES;56.67;PS;purple;CHAVES
MESAO FRIO;50.4;PS;purple;MESAO FRIO
MONTALEGRE;53.72;PS;purple;MONTALEGRE
RIBEIRA DE PENA;56.44;PS;purple;RIBEIRA DE PENA
SANTA MARTA DE PENAGUIAO;60.55;PS;purple;SANTA MARTA DE PENAGUIAO
ARMAMAR;60.03;PSD/CDS;orange;ARMAMAR
CASTRO DAIRE;64.14;PSD/CDS;orange;CASTRO DAIRE
LAMEGO;47.27;PSD/CDS;orange;LAMEGO
MANGUALDE;58.07;PS;purple;MANGUALDE
MOIMENTA DA BEIRA;56.91;PS;purple;MOIMENTA DA BEIRA
NELAS;54.94;PSD/CDS;orange;NELAS
OLIVEIRA DE FRADES;47.11;PSD/CDS;orange;OLIVEIRA DE FRADES
PENALVA DO CASTELO;59.43;PS;purple;PENALVA DO CASTELO
SANTA COMBA DAO;55.52;PS;purple;SANTA COMBA DAO
SAO JOAO DA PESQUEIRA;61.26;PS;purple;SAO JOAO DA PESQUEIRA
TABUACO;74.49;PSD/CDS;orange;TABUACO
MACHICO;53.54;PS;purple;MACHICO
PONTA DO SOL;55.19;PS;purple;PONTA DO SOL
PORTO MONIZ;56.03;PS;purple;PORTO MONIZ
SAO VICENTE;73.59;PSD/CDS;orange;SAO VICENTE
PORTO SANTO;52.19;PSD/CDS;orange;PORTO SANTO
VILA DA PRAIA DA VITORIA;45.39;PSD/CDS;orange;VILA DA PRAIA DA VITORIA
PENAFIEL;62.25;PSD/CDS;orange;PENAFIEL
FUNCHAL;48.34;PSD/CDS;orange;FUNCHAL
OLHAO;51.31;PS;purple;OLHAO
AGUEDA;61.03;PSD/CDS;orange;AGUEDA
ALPIARCA;45.13;PS;purple;ALPIARCA
SANTA CRUZ DAS FLORES;63.85;PS;purple;SANTA CRUZ DAS FLORES
MIRANDA DO CORVO;47.09;PS;purple;MIRANDA DO CORVO
ALBERGARIA-A-VELHA;87.85;PSD/CDS;orange;ALBERGARIA-A-VELHA
ANADIA;61.56;PS;purple;ANADIA
CASTELO DE PAIVA;56.059999999999995;PSD/CDS;orange;CASTELO DE PAIVA
ESPINHO;42.42;PS;purple;ESPINHO
FEIRA;54.730000000000004;PSD/CDS;orange;FEIRA
ILHAVO;34.94;UPF;grey;ILHAVO
MURTOSA;78.92999999999999;PSD/CDS;orange;MURTOSA
OLIVEIRA DO BAIRRO;85.0;PSD/CDS;orange;OLIVEIRA DO BAIRRO
SEVER DO VOUGA;69.02000000000001;PSD/CDS;orange;SEVER DO VOUGA
VAGOS;83.88;PSD/CDS;orange;VAGOS
VALE DE CAMBRA;75.35000000000001;PSD/CDS;orange;VALE DE CAMBRA
ALMODOVAR;73.65;PS;purple;ALMODOVAR
CASTRO VERDE;60.08;PS;purple;CASTRO VERDE
OURIQUE;54.84;PS;purple;OURIQUE
VIDIGUEIRA;50.54;PCP-PEV;red;VIDIGUEIRA
CELORICO DE BASTO;47.04;PSD/CDS;orange;CELORICO DE BASTO
ESPOSENDE;72.11;PSD/CDS;orange;ESPOSENDE
FAFE;56.82;PS;purple;FAFE
POVOA DE LANHOSO;49.13;PS;purple;POVOA DE LANHOSO
TERRAS DE BOURO;79.21;PSD/CDS;orange;TERRAS DE BOURO
VIEIRA DO MINHO;62.03;PSD/CDS;orange;VIEIRA DO MINHO
VILA VERDE;60.92;PSD/CDS;orange;VILA VERDE
BRAGANCA;61.74;PSD/CDS;orange;BRAGANCA
CARRAZEDA DE ANSIAES;63.06;PSD/CDS;orange;CARRAZEDA DE ANSIAES
FREIXO DE ESPADA A CINTA;65.21;PS;purple;FREIXO DE ESPADA A CINTA
MIRANDELA;53.7;PS;purple;MIRANDELA
MOGADOURO;51.28;PSD/CDS;orange;MOGADOURO
VIMIOSO;68.11;PSD/CDS;orange;VIMIOSO
BELMONTE;43.88;PS;purple;BELMONTE
FUNDAO;60.14;PSD/CDS;orange;FUNDAO
IDANHA-A-NOVA;56.48;PS;purple;IDANHA-A-NOVA
OLEIROS;54.22;PSD/CDS;orange;OLEIROS
PENAMACOR;60.27;PS;purple;PENAMACOR
SERTA;49.57;PS;purple;SERTA
VILA DE REI;65.36;PSD/CDS;orange;VILA DE REI
ARGANIL;62.49;PSD/CDS;orange;ARGANIL
CANTANHEDE;59.669999999999995;PSD/CDS;orange;CANTANHEDE
CONDEIXA-A-NOVA;47.31;PS;purple;CONDEIXA-A-NOVA
FIGUEIRA DA FOZ;42.29;FAP;grey;FIGUEIRA DA FOZ
GOIS;44.32;PSD/CDS;orange;GOIS
MIRA;61.89;PSD/CDS;orange;MIRA
PAMPILHOSA DA SERRA;69.68;PSD/CDS;orange;PAMPILHOSA DA SERRA
PENACOVA;49.06;PSD/CDS;orange;PENACOVA
PENELA;58.6;PS;purple;PENELA
SOURE;47.76;PS;purple;SOURE
VILA NOVA DE POIARES;62.58;PS;purple;VILA NOVA DE POIARES
BORBA;46.52;MUB;grey;BORBA
PORTEL;57.99;PS;purple;PORTEL
REGUENGOS DE MONSARAZ;50.45;PSD/CDS;orange;REGUENGOS DE MONSARAZ
ALCOUTIM;57.06;PS;purple;ALCOUTIM
ALJEZUR;46.05;PS;purple;ALJEZUR
CASTRO MARIM;58.96;PSD/CDS;orange;CASTRO MARIM
LAGOA;53.2;PS;purple;LAGOA
MONCHIQUE;51.84;PS;purple;MONCHIQUE
SAO BRAS DE ALPORTEL;60.62;PS;purple;SAO BRAS DE ALPORTEL
TAVIRA;45.13;PS;purple;TAVIRA
VILA REAL DE SANTO ANTONIO;38.22;PS;purple;VILA REAL DE SANTO ANTONIO
AGUIAR DA BEIRA;53.92;PS;purple;AGUIAR DA BEIRA
ALMEIDA;52.36;PSD/CDS;orange;ALMEIDA
CELORICO DA BEIRA;58.18;PSD/CDS;orange;CELORICO DA BEIRA
FIGUEIRA DE CASTELO RODRIGO;52.07;PSD/CDS;orange;FIGUEIRA DE CASTELO RODRIGO
GOUVEIA;53.32;PSD/CDS;orange;GOUVEIA
GUARDA;75.49000000000001;PSD/CDS;orange;GUARDA
MANTEIGAS;35.16;Manteigas 2030;grey;MANTEIGAS
PINHEL;70.65;PSD/CDS;orange;PINHEL
SABUGAL;53.46;PSD/CDS;orange;SABUGAL
SEIA;45.97;PS;purple;SEIA
VILA NOVA DE FOZ COA;53.48;PSD/CDS;orange;VILA NOVA DE FOZ COA
ALCOBACA;50.9;PSD/CDS;orange;ALCOBACA
ALVAIAZERE;42.29;PSD/CDS;orange;ALVAIAZERE
ANSIAO;49.62;PS;purple;ANSIAO
BATALHA;48.58;PS;purple;BATALHA
BOMBARRAL;46.010000000000005;PSD/CDS;orange;BOMBARRAL
FIGUEIRO DOS VINHOS;45.57;PS;purple;FIGUEIRO DOS VINHOS
MARINHA GRANDE;40.11;#NAME?;grey;MARINHA GRANDE
NAZARE;47.72;PS;purple;NAZARE
PEDROGAO GRANDE;66.92;PSD/CDS;orange;PEDROGAO GRANDE
PENICHE;58.33;PSD/CDS;orange;PENICHE
POMBAL;65.22;PSD/CDS;orange;POMBAL
PORTO DE MOS;57.97;PSD/CDS;orange;PORTO DE MOS
CADAVAL;57.599999999999994;PSD/CDS;orange;CADAVAL
LOURES;32.97;PS;purple;LOURES
MAFRA;61.029999999999994;PSD/CDS;orange;MAFRA
ARRONCHES;54.46;PSD/CDS;orange;ARRONCHES
AVIS;57.42;PCP-PEV;red;AVIS
CAMPO MAIOR;54.55;PS;purple;CAMPO MAIOR
CASTELO DE VIDE;53.43;PSD/CDS;orange;CASTELO DE VIDE
CRATO;44.98;PS;purple;CRATO
FRONTEIRA;61.72;PSD/CDS;orange;FRONTEIRA
GAVIAO;49.34;PS;purple;GAVIAO
MONFORTE;64.2;PCP-PEV;red;MONFORTE
NISA;56.23;PS;purple;NISA
SOUSEL;64.26;PS;purple;SOUSEL
AMARANTE;40.07;PS;purple;AMARANTE
PACOS DE FERREIRA;57.67;PS;purple;PACOS DE FERREIRA
PORTO;60.0;PSD/CDS;orange;PORTO
POVOA DE VARZIM;57.74;PSD/CDS;orange;POVOA DE VARZIM
VILA DO CONDE;46.47;PSD/CDS;orange;VILA DO CONDE
ABRANTES;58.14;PS;purple;ABRANTES
BENAVENTE;34.74;PCP-PEV;red;BENAVENTE
CARTAXO;48.62;PSD/CDS;orange;CARTAXO
CONSTANCIA;61.06;PS;purple;CONSTANCIA
CORUCHE;53.47;PS;purple;CORUCHE
ENTRONCAMENTO;40.82;PSD/CDS;orange;ENTRONCAMENTO
FERREIRA DO ZEZERE;59.06;PS;purple;FERREIRA DO ZEZERE
GOLEGA;49.07;PSD/CDS;orange;GOLEGA
MACAO;67.51;PSD/CDS;orange;MACAO
SANTAREM;41.77;PSD/CDS;orange;SANTAREM
SARDOAL;47.33;PSD/CDS;orange;SARDOAL
VILA NOVA DA BARQUINHA;58.25;PS;purple;VILA NOVA DA BARQUINHA
ALCOCHETE;54.76;PS;purple;ALCOCHETE
BARREIRO;58.23;PS;purple;BARREIRO
ARCOS DE VALDEVEZ;63.38;PSD/CDS;orange;ARCOS DE VALDEVEZ
MELGACO;58.22;PS;purple;MELGACO
MONCAO;66.33999999999999;PSD/CDS;orange;MONCAO
PONTE DA BARCA;49.64;PSD/CDS;orange;PONTE DA BARCA
PONTE DE LIMA;56.720000000000006;PSD/CDS;orange;PONTE DE LIMA
VALENCA;41.09;PS;purple;VALENCA
VILA NOVA DE CERVEIRA;52.59;PS;purple;VILA NOVA DE CERVEIRA
BOTICAS;77.54;PSD/CDS;orange;BOTICAS
MONDIM DE BASTO;56.07;PSD/CDS;orange;MONDIM DE BASTO
MURCA;63.86;PSD/CDS;orange;MURCA
PESO DA REGUA;56.07;PSD/CDS;orange;PESO DA REGUA
SABROSA;36.38;PSD/CDS;orange;SABROSA
VALPACOS;82.08999999999999;PSD/CDS;orange;VALPACOS
VILA POUCA DE AGUIAR;68.86;PSD/CDS;orange;VILA POUCA DE AGUIAR
CARREGAL DO SAL;53.88;PS;purple;CARREGAL DO SAL
MORTAGUA;64.93;PS;purple;MORTAGUA
PENEDONO;50.13;PSD/CDS;orange;PENEDONO
RESENDE;50.53;PS;purple;RESENDE
SAO PEDRO DO SUL;61.94;PS;purple;SAO PEDRO DO SUL
SATAO;49.57;PSD/CDS;orange;SATAO
SERNANCELHE;85.99;PSD/CDS;orange;SERNANCELHE
TAROUCA;62.11;PSD/CDS;orange;TAROUCA
TONDELA;47.27;PSD/CDS;orange;TONDELA
VILA NOVA DE PAIVA;45.31;PS;purple;VILA NOVA DE PAIVA
VISEU;50.459999999999994;PSD/CDS;orange;VISEU
VOUZELA;61.45;PSD/CDS;orange;VOUZELA
CALHETA (R.A.M.);85.53;PSD/CDS;orange;CALHETA (R.A.M.)
RIBEIRA BRAVA;66.01;PSD/CDS;orange;RIBEIRA BRAVA
SANTANA;87.49;PSD/CDS;orange;SANTANA
VILA DO PORTO;59.03;PS;purple;VILA DO PORTO
NORDESTE;73.19;PSD/CDS;orange;NORDESTE
PONTA DELGADA;50.47;PSD/CDS;orange;PONTA DELGADA
POVOACAO;66.72;PS;purple;POVOACAO
RIBEIRA GRANDE;62.93;PSD/CDS;orange;RIBEIRA GRANDE
VILA FRANCA DO CAMPO;51.84;PS;purple;VILA FRANCA DO CAMPO
CALHETA (R.A.A.);54.97;PSD/CDS;orange;CALHETA (R.A.A.)
VELAS;70.85;PSD/CDS;orange;VELAS
MADALENA;60.03;PSD/CDS;orange;MADALENA
SAO ROQUE DO PICO;63.0;PSD/CDS;orange;SAO ROQUE DO PICO
